state,year,hires_rate,openings_rate,layoffs_rate,unemployed_per_opening,months,competition_months,unemployment_rate,lower_hiring,lower_openings,competition,lag_lower_hiring,lag_unemployment_rate
0,2012,3.30833333333,2.78333333333,1.36666666667,3.25,12,12,,-3.30833333333,-2.78333333333,1.70043971814,,
0,2013,3.36666666667,2.90833333333,1.275,2.80833333333,12,12,,-3.36666666667,-2.90833333333,1.48971418557,-3.30833333333,
0,2014,3.55,3.325,1.25833333333,2.04166666667,12,12,,-3.55,-3.325,1.02974734339,-3.36666666667,
0,2015,3.66666666667,3.775,1.275,1.5,12,12,,-3.66666666667,-3.775,0.584962500721,-3.55,
0,2016,3.69166666667,3.90833333333,1.225,1.33333333333,12,12,,-3.69166666667,-3.90833333333,0.415037499279,-3.66666666667,
0,2017,3.725,4,1.225,1.13333333333,12,12,,-3.725,-4,0.180572245642,-3.69166666667,
0,2018,3.85,4.55,1.21666666667,0.9,12,12,,-3.85,-4.55,-0.152003093445,-3.725,
0,2019,3.86666666667,4.525,1.20833333333,0.841666666667,12,12,,-3.86666666667,-4.525,-0.248679112857,-3.85,
0,2020,4.25833333333,4.28333333333,2.4,2.14166666667,12,12,,-4.25833333333,-4.28333333333,1.09873395359,-3.86666666667,
0,2021,4.34166666667,6.375,0.966666666667,0.891666666667,12,12,,-4.34166666667,-6.375,-0.165423609207,-4.25833333333,
0,2022,4.2,6.85,0.958333333333,0.533333333333,12,12,,-4.2,-6.85,-0.906890595609,-4.34166666667,
0,2023,3.75833333333,5.625,1.06666666667,0.666666666667,12,12,,-3.75833333333,-5.625,-0.584962500721,-4.2,
0,2024,3.41666666667,4.65,1.05833333333,0.883333333333,12,12,,-3.41666666667,-4.65,-0.178970141045,-3.75833333333,
0,2025,3.31666666667,4.275,1.11666666667,,12,11,,-3.31666666667,-4.275,,-3.41666666667,
1,2012,3.6,3.075,1.475,3.00833333333,12,12,8.2,-3.6,-3.075,1.58896443128,,
1,2013,3.35833333333,2.64166666667,1.35833333333,3.075,12,12,7.4,-3.35833333333,-2.64166666667,1.62058641045,-3.6,8.2
1,2014,3.375,2.975,1.1,2.5,12,12,6.8,-3.375,-2.975,1.32192809489,-3.35833333333,7.4
1,2015,3.75833333333,3.65,1.13333333333,1.8,12,12,6.1,-3.75833333333,-3.65,0.847996906555,-3.375,6.8
1,2016,3.95833333333,3.675,1.23333333333,1.66666666667,12,12,5.8,-3.95833333333,-3.675,0.736965594166,-3.75833333333,6.1
1,2017,3.94166666667,3.69166666667,1.16666666667,1.30833333333,12,12,4.5,-3.94166666667,-3.69166666667,0.387730153283,-3.95833333333,5.8
1,2018,3.99166666667,4.30833333333,1.18333333333,0.941666666667,12,12,3.9,-3.99166666667,-4.30833333333,-0.0867116331933,-3.94166666667,4.5
1,2019,3.825,4.4,1.075,0.75,12,12,3.2,-3.825,-4.4,-0.415037499279,-3.99166666667,3.9
1,2020,4.19166666667,4.59166666667,1.64166666667,1.575,12,12,6.4,-4.19166666667,-4.59166666667,0.655351828613,-3.825,3.2
1,2021,4.725,6.43333333333,1.08333333333,0.558333333333,12,12,3.4,-4.725,-6.43333333333,-0.840801405151,-4.19166666667,6.4
1,2022,4.91666666667,6.85,1.025,0.383333333333,12,12,2.5,-4.91666666667,-6.85,-1.38332863955,-4.725,3.4
1,2023,4.275,5.875,1.05833333333,0.433333333333,12,12,2.5,-4.275,-5.875,-1.20645087747,-4.91666666667,2.5
1,2024,3.625,5.025,0.983333333333,0.616666666667,12,12,3,-3.625,-5.025,-0.69743722998,-4.275,2.5
1,2025,3.175,4.56666666667,0.925,,12,11,2.9,-3.175,-4.56666666667,,-3.625,3
2,2012,5.275,3.55833333333,2.4,2.1,12,12,7.1,-5.275,-3.55833333333,1.07038932789,,
2,2013,5.05833333333,3.85,2.3,1.85833333333,12,12,6.9,-5.05833333333,-3.85,0.894009304312,-5.275,7.1
2,2014,5.45,4.65833333333,2.125,1.5,12,12,6.7,-5.45,-4.65833333333,0.584962500721,-5.05833333333,6.9
2,2015,5.4,5.03333333333,2.2,1.275,12,12,6.3,-5.4,-5.03333333333,0.350497247084,-5.45,6.7
2,2016,5.58333333333,5.23333333333,2.1,1.3,12,12,6.6,-5.58333333333,-5.23333333333,0.378511623254,-5.4,6.3
2,2017,5.48333333333,5.39166666667,1.75,1.28333333333,12,12,6.6,-5.48333333333,-5.39166666667,0.359895945086,-5.58333333333,6.6
2,2018,5.775,6.29166666667,1.775,0.983333333333,12,12,6.1,-5.775,-6.29166666667,-0.0242475462467,-5.48333333333,6.6
2,2019,6.04166666667,6.54166666667,2,0.866666666667,12,12,5.6,-6.04166666667,-6.54166666667,-0.206450877467,-5.775,6.1
2,2020,5.89166666667,5.55,3.025,2.125,12,12,8.3,-5.89166666667,-5.55,1.08746284125,-6.04166666667,5.6
2,2021,6.26666666667,8.275,1.325,0.825,12,12,6.4,-6.26666666667,-8.275,-0.277533975529,-5.89166666667,8.3
2,2022,6.39166666667,8.875,1.73333333333,0.508333333333,12,12,4.4,-6.39166666667,-8.875,-0.976153258046,-6.26666666667,6.4
2,2023,5.55,7.34166666667,1.55833333333,0.6,12,12,4.3,-5.55,-7.34166666667,-0.736965594166,-6.39166666667,4.4
2,2024,5.575,6.24166666667,1.425,0.75,12,12,4.5,-5.575,-6.24166666667,-0.415037499279,-5.55,4.3
2,2025,5.2,5.38333333333,1.375,,12,11,4.7,-5.2,-5.38333333333,,-5.575,4.5
4,2012,3.61666666667,3.08333333333,1.275,3.24166666667,12,12,8.4,-3.61666666667,-3.08333333333,1.69673574938,,
4,2013,3.95833333333,3.25,1.40833333333,2.79166666667,12,12,7.8,-3.95833333333,-3.25,1.48112668974,-3.61666666667,8.4
4,2014,4.28333333333,3.85,1.49166666667,2.05833333333,12,12,6.8,-4.28333333333,-3.85,1.04147663598,-3.95833333333,7.8
4,2015,4.375,4,1.50833333333,1.74166666667,12,12,6.1,-4.375,-4,0.800468536472,-4.28333333333,6.8
4,2016,3.9,4.125,1.1,1.525,12,12,5.5,-3.9,-4.125,0.608809242676,-4.375,6.1
4,2017,4.45,4.275,1.46666666667,1.30833333333,12,12,5,-4.45,-4.275,0.387730153283,-3.9,5.5
4,2018,4.525,5.00833333333,1.21666666667,1.075,12,12,4.8,-4.525,-5.00833333333,0.104336659815,-4.45,5
4,2019,4.25,5.13333333333,1.09166666667,1.05833333333,12,12,4.8,-4.25,-5.13333333333,0.0817940911636,-4.525,4.8
4,2020,4.45,4.93333333333,1.99166666667,1.88333333333,12,12,7.8,-4.45,-4.93333333333,0.913288366807,-4.25,4.8
4,2021,4.46666666667,6.50833333333,0.85,0.883333333333,12,12,5,-4.46666666667,-6.50833333333,-0.178970141045,-4.45,7.8
4,2022,4.85,7.13333333333,0.925,0.558333333333,12,12,3.8,-4.85,-7.13333333333,-0.840801405151,-4.46666666667,5
4,2023,4.1,5.75833333333,1.15833333333,0.708333333333,12,12,3.7,-4.1,-5.75833333333,-0.497499659471,-4.85,3.8
4,2024,3.5,4.93333333333,1.125,0.816666666667,12,12,3.7,-3.5,-4.93333333333,-0.292180751493,-4.1,3.7
4,2025,3.425,4.4,0.991666666667,,12,11,4.3,-3.425,-4.4,,-3.5,3.7
5,2012,3.325,2.54166666667,1.31666666667,3.21666666667,12,12,7.2,-3.325,-2.54166666667,1.68556644166,,
5,2013,3.45,2.58333333333,1.21666666667,3.01666666667,12,12,7,-3.45,-2.58333333333,1.59295529147,-3.325,7.2
5,2014,3.83333333333,3.18333333333,1.29166666667,2.025,12,12,5.9,-3.83333333333,-3.18333333333,1.017921908,-3.45,7
5,2015,3.68333333333,3.6,1.14166666667,1.475,12,12,5,-3.68333333333,-3.6,0.560714954474,-3.83333333333,5.9
5,2016,3.65,3.68333333333,1.2,1.13333333333,12,12,4,-3.65,-3.68333333333,0.180572245642,-3.68333333333,5
5,2017,4.175,3.76666666667,1.25,1.025,12,12,3.7,-4.175,-3.76666666667,0.0356239097307,-3.65,4
5,2018,4.29166666667,4.3,1.3,0.858333333333,12,12,3.6,-4.29166666667,-4.3,-0.220390068425,-4.175,3.7
5,2019,4.35833333333,4.625,1.21666666667,0.766666666667,12,12,3.5,-4.35833333333,-4.625,-0.383328639552,-4.29166666667,3.6
5,2020,4.41666666667,4.33333333333,1.81666666667,1.49166666667,12,12,6.1,-4.41666666667,-4.33333333333,0.576925181656,-4.35833333333,3.5
5,2021,4.89166666667,6.15,1.04166666667,0.691666666667,12,12,4,-4.89166666667,-6.15,-0.531851164262,-4.41666666667,6.1
5,2022,4.88333333333,7.04166666667,1.04166666667,0.441666666667,12,12,3.2,-4.88333333333,-7.04166666667,-1.17897014105,-4.89166666667,4
5,2023,4.38333333333,6.04166666667,1.10833333333,0.516666666667,12,12,3.2,-4.38333333333,-6.04166666667,-0.952694285222,-4.88333333333,3.2
5,2024,3.95,4.85,1.08333333333,0.733333333333,12,12,3.5,-3.95,-4.85,-0.447458976971,-4.38333333333,3.2
5,2025,3.45,4.56666666667,1.025,,12,11,4.1,-3.45,-4.56666666667,,-3.95,3.5
6,2012,3,2.46666666667,1.35,5.16666666667,12,12,10.4,-3,-2.46666666667,2.36923380967,,
6,2013,3.175,2.84166666667,1.29166666667,3.8,12,12,9,-3.175,-2.84166666667,1.92599941856,-3,10.4
6,2014,3.3,3.20833333333,1.34166666667,2.75,12,12,7.6,-3.3,-3.20833333333,1.45943161864,-3.175,9
6,2015,3.39166666667,3.525,1.3,1.99166666667,12,12,6.2,-3.39166666667,-3.525,0.993976212372,-3.3,7.6
6,2016,3.425,3.81666666667,1.09166666667,1.63333333333,12,12,5.5,-3.425,-3.81666666667,0.707819248507,-3.39166666667,6.2
6,2017,3.35,3.825,1.00833333333,1.40833333333,12,12,4.8,-3.35,-3.825,0.493988840674,-3.425,5.5
6,2018,3.325,4.20833333333,1.03333333333,1.08333333333,12,12,4.3,-3.325,-4.20833333333,0.11547721742,-3.35,4.8
6,2019,3.34166666667,4.21666666667,1.20833333333,1.04166666667,12,12,4.1,-3.34166666667,-4.21666666667,0.0588936890536,-3.325,4.3
6,2020,4.14166666667,3.96666666667,2.53333333333,3.05,12,12,10.1,-4.14166666667,-3.96666666667,1.60880924268,-3.34166666667,4.1
6,2021,3.96666666667,5.79166666667,0.9,1.43333333333,12,12,7.3,-3.96666666667,-5.79166666667,0.519374159094,-4.14166666667,10.1
6,2022,3.58333333333,6.60833333333,0.85,0.65,12,12,4.3,-3.58333333333,-6.60833333333,-0.621488376746,-3.96666666667,7.3
6,2023,3.1,4.66666666667,1.01666666667,1.06666666667,12,12,4.7,-3.1,-4.66666666667,0.0931094043915,-3.58333333333,4.3
6,2024,2.85833333333,3.60833333333,1.03333333333,1.575,12,12,5.3,-2.85833333333,-3.60833333333,0.655351828613,-3.1,4.7
6,2025,3.025,3.575,1.11666666667,,12,11,5.5,-3.025,-3.575,,-2.85833333333,5.3
8,2012,3.64166666667,2.60833333333,1.28333333333,3.61666666667,12,12,8,-3.64166666667,-2.60833333333,1.85466063684,,
8,2013,4.30833333333,2.93333333333,1.49166666667,2.6,12,12,6.7,-4.30833333333,-2.93333333333,1.37851162325,-3.64166666667,8
8,2014,4.425,3.76666666667,1.45833333333,1.475,12,12,5,-4.425,-3.76666666667,0.560714954474,-4.30833333333,6.7
8,2015,4.48333333333,4.09166666667,1.4,0.975,12,12,3.7,-4.48333333333,-4.09166666667,-0.0365258760251,-4.425,5
8,2016,4.75,4.40833333333,1.71666666667,0.75,12,12,3.1,-4.75,-4.40833333333,-0.415037499279,-4.48333333333,3.7
8,2017,3.98333333333,4.4,1.11666666667,0.633333333333,12,12,2.6,-3.98333333333,-4.4,-0.658963082165,-4.75,3.1
8,2018,4.20833333333,4.95,1.33333333333,0.666666666667,12,12,3,-4.20833333333,-4.95,-0.584962500721,-3.98333333333,2.6
8,2019,4.14166666667,5,1.23333333333,0.55,12,12,2.7,-4.14166666667,-5,-0.86249647625,-4.20833333333,3
8,2020,4.675,3.99166666667,2.96666666667,1.95,12,12,6.8,-4.675,-3.99166666667,0.963474123975,-4.14166666667,2.7
8,2021,4.7,6.65,1.23333333333,0.925,12,12,5.5,-4.7,-6.65,-0.112474729258,-4.675,6.8
8,2022,4.5,7.30833333333,1.19166666667,0.433333333333,12,12,3.1,-4.5,-7.30833333333,-1.20645087747,-4.7,5.5
8,2023,3.83333333333,6.975,0.983333333333,0.508333333333,12,12,3.3,-3.83333333333,-6.975,-0.976153258046,-4.5,3.1
8,2024,3.60833333333,5.30833333333,1.2,0.833333333333,12,12,4.1,-3.60833333333,-5.30833333333,-0.263034405834,-3.83333333333,3.3
8,2025,3.78333333333,4.09166666667,1.45833333333,,12,11,4,-3.78333333333,-4.09166666667,,-3.60833333333,4.1
9,2012,2.5,2.41666666667,1.08333333333,3.88333333333,12,12,8.4,-2.5,-2.41666666667,1.95729554905,,
9,2013,2.45,2.425,1.13333333333,3.63333333333,12,12,7.9,-2.45,-2.425,1.86129372917,-2.5,8.4
9,2014,2.60833333333,2.85833333333,1.19166666667,2.58333333333,12,12,6.6,-2.60833333333,-2.85833333333,1.36923380967,-2.45,7.9
9,2015,2.85833333333,3.08333333333,1.1,2.03333333333,12,12,5.6,-2.85833333333,-3.08333333333,1.02384674195,-2.60833333333,6.6
9,2016,3.075,3.39166666667,1.21666666667,1.56666666667,12,12,4.9,-3.075,-3.39166666667,0.647698256069,-2.85833333333,5.6
9,2017,3.18333333333,3.81666666667,1.325,1.25833333333,12,12,4.4,-3.18333333333,-3.81666666667,0.331514143717,-3.075,4.9
9,2018,2.975,3.775,1,1.125,12,12,3.9,-2.975,-3.775,0.169925001442,-3.18333333333,4.4
9,2019,3.375,3.7,1.21666666667,1.05833333333,12,12,3.6,-3.375,-3.7,0.0817940911636,-2.975,3.9
9,2020,4.125,3.61666666667,2.7,2.65833333333,12,12,8,-4.125,-3.61666666667,1.41052201816,-3.375,3.6
9,2021,3.74166666667,5.60833333333,0.891666666667,1.28333333333,12,12,6.4,-3.74166666667,-5.60833333333,0.359895945086,-4.125,8
9,2022,3.69166666667,6.78333333333,0.875,0.65,12,12,4,-3.69166666667,-6.78333333333,-0.621488376746,-3.74166666667,6.4
9,2023,3.475,5.09166666667,1.025,0.691666666667,12,12,3.2,-3.475,-5.09166666667,-0.531851164262,-3.69166666667,4
9,2024,3.2,4.46666666667,1.15,0.808333333333,12,12,3.3,-3.2,-4.46666666667,-0.306977753421,-3.475,3.2
9,2025,3.10833333333,4,1.21666666667,,12,11,4,-3.10833333333,-4,,-3.2,3.3
10,2012,4,3.19166666667,1.61666666667,2.25833333333,12,12,7,-4,-3.19166666667,1.17525844575,,
10,2013,4.50833333333,3.16666666667,1.50833333333,2.06666666667,12,12,6.5,-4.50833333333,-3.16666666667,1.04730571478,-4,7
10,2014,4.31666666667,3.61666666667,1.44166666667,1.58333333333,12,12,5.6,-4.31666666667,-3.61666666667,0.662965012722,-4.50833333333,6.5
10,2015,4.525,4.29166666667,1.40833333333,1.10833333333,12,12,4.8,-4.525,-4.29166666667,0.148391839893,-4.31666666667,5.6
10,2016,4.05833333333,4.10833333333,1.23333333333,1.08333333333,12,12,4.5,-4.05833333333,-4.10833333333,0.11547721742,-4.525,4.8
10,2017,4.33333333333,4.11666666667,1.375,1.05833333333,12,12,4.4,-4.33333333333,-4.11666666667,0.0817940911636,-4.05833333333,4.5
10,2018,4.49166666667,4.58333333333,1.36666666667,0.816666666667,12,12,3.7,-4.49166666667,-4.58333333333,-0.292180751493,-4.33333333333,4.4
10,2019,4.58333333333,4.61666666667,1.36666666667,0.766666666667,12,12,3.6,-4.58333333333,-4.61666666667,-0.383328639552,-4.49166666667,3.7
10,2020,4.61666666667,4.53333333333,2.29166666667,1.8,12,12,7.5,-4.61666666667,-4.53333333333,0.847996906555,-4.58333333333,3.6
10,2021,4.94166666667,6.49166666667,1.11666666667,0.883333333333,12,12,5.5,-4.94166666667,-6.49166666667,-0.178970141045,-4.61666666667,7.5
10,2022,5.29166666667,7.29166666667,1.16666666667,0.583333333333,12,12,4.2,-5.29166666667,-7.29166666667,-0.777607578664,-4.94166666667,5.5
10,2023,4.59166666667,6.025,1.24166666667,0.65,12,12,3.9,-4.59166666667,-6.025,-0.621488376746,-5.29166666667,4.2
10,2024,3.93333333333,4.85,1.06666666667,0.808333333333,12,12,3.9,-3.93333333333,-4.85,-0.306977753421,-4.59166666667,3.9
10,2025,3.60833333333,4.53333333333,1.06666666667,,12,11,4.8,-3.60833333333,-4.53333333333,,-3.93333333333,3.9
11,2012,2.4,2.475,0.958333333333,1.76666666667,12,12,8.9,-2.4,-2.475,0.821029858955,,
11,2013,2.4,2.26666666667,0.858333333333,1.83333333333,12,12,8.4,-2.4,-2.26666666667,0.874469117916,-2.4,8.9
11,2014,2.43333333333,2.96666666667,0.858333333333,1.28333333333,12,12,7.7,-2.43333333333,-2.96666666667,0.359895945086,-2.4,8.4
11,2015,2.56666666667,3.35,0.783333333333,1,12,12,6.9,-2.56666666667,-3.35,0,-2.43333333333,7.7
11,2016,2.39166666667,3.49166666667,0.833333333333,0.875,12,12,6.2,-2.39166666667,-3.49166666667,-0.192645077942,-2.56666666667,6.9
11,2017,2.68333333333,3.33333333333,0.891666666667,0.891666666667,12,12,6.1,-2.68333333333,-3.33333333333,-0.165423609207,-2.39166666667,6.2
11,2018,2.89166666667,3.325,0.933333333333,0.825,12,12,5.7,-2.89166666667,-3.325,-0.277533975529,-2.68333333333,6.1
11,2019,2.99166666667,3.75833333333,0.9,0.708333333333,12,12,5.5,-2.99166666667,-3.75833333333,-0.497499659471,-2.89166666667,5.7
11,2020,2.6,3.71666666667,1.58333333333,1.1,12,12,8,-2.6,-3.71666666667,0.13750352375,-2.99166666667,5.5
11,2021,3.15,5.525,0.775,0.625,12,12,6.8,-3.15,-5.525,-0.678071905113,-2.6,8
11,2022,3.08333333333,5.56666666667,0.783333333333,0.4,12,12,4.7,-3.08333333333,-5.56666666667,-1.32192809489,-3.15,6.8
11,2023,3.03333333333,4.95,0.791666666667,0.491666666667,12,12,4.9,-3.03333333333,-4.95,-1.02424754625,-3.08333333333,4.7
11,2024,2.58333333333,4.25,0.75,0.641666666667,12,12,5.3,-2.58333333333,-4.25,-0.640104054914,-3.03333333333,4.9
11,2025,2.43333333333,4.2,0.791666666667,,12,11,6.3,-2.43333333333,-4.2,,-2.58333333333,5.3
12,2012,3.49166666667,2.89166666667,1.63333333333,3.68333333333,12,12,8.7,-3.49166666667,-2.89166666667,1.88101196378,,
12,2013,3.625,3.04166666667,1.35833333333,3,12,12,7.5,-3.625,-3.04166666667,1.58496250072,-3.49166666667,8.7
12,2014,3.975,3.5,1.19166666667,2.175,12,12,6.5,-3.975,-3.5,1.12101540096,-3.625,7.5
12,2015,3.98333333333,3.725,1.275,1.675,12,12,5.5,-3.98333333333,-3.725,0.74416109557,-3.975,6.5
12,2016,3.49166666667,3.83333333333,1.08333333333,1.43333333333,12,12,4.9,-3.49166666667,-3.83333333333,0.519374159094,-3.98333333333,5.5
12,2017,3.73333333333,3.80833333333,1.15833333333,1.26666666667,12,12,4.3,-3.73333333333,-3.80833333333,0.341036917835,-3.49166666667,4.9
12,2018,3.4,4.75833333333,1.15833333333,0.833333333333,12,12,3.6,-3.4,-4.75833333333,-0.263034405834,-3.73333333333,4.3
12,2019,3.95,4.45833333333,1.125,0.808333333333,12,12,3.2,-3.95,-4.45833333333,-0.306977753421,-3.4,3.6
12,2020,4.15833333333,4.225,2.18333333333,2.25833333333,12,12,8,-4.15833333333,-4.225,1.17525844575,-3.95,3.2
12,2021,4.51666666667,6.28333333333,0.883333333333,0.833333333333,12,12,4.7,-4.51666666667,-6.28333333333,-0.263034405834,-4.15833333333,8
12,2022,4.38333333333,6.68333333333,0.933333333333,0.491666666667,12,12,3,-4.38333333333,-6.68333333333,-1.02424754625,-4.51666666667,4.7
12,2023,4.10833333333,5.85833333333,1.00833333333,0.558333333333,12,12,2.9,-4.10833333333,-5.85833333333,-0.840801405151,-4.38333333333,3
12,2024,3.875,4.61666666667,0.958333333333,0.775,12,12,3.4,-3.875,-4.61666666667,-0.3677317845,-4.10833333333,2.9
12,2025,3.6,4.1,1.15,,12,11,3.9,-3.6,-4.1,,-3.875,3.4
13,2012,3.575,2.64166666667,1.425,4.025,12,12,9,-3.575,-2.64166666667,2.00898878323,,
13,2013,3.50833333333,2.93333333333,1.35833333333,3.16666666667,12,12,8.1,-3.50833333333,-2.93333333333,1.66296501272,-3.575,9
13,2014,4.04166666667,3.31666666667,1.40833333333,2.41666666667,12,12,7.1,-4.04166666667,-3.31666666667,1.27301849441,-3.50833333333,8.1
13,2015,4.19166666667,3.875,1.41666666667,1.675,12,12,6.1,-4.19166666667,-3.875,0.74416109557,-4.04166666667,7.1
13,2016,4.51666666667,4.30833333333,1.375,1.36666666667,12,12,5.4,-4.51666666667,-4.30833333333,0.45066140901,-4.19166666667,6.1
13,2017,4.74166666667,4.36666666667,1.63333333333,1.2,12,12,4.8,-4.74166666667,-4.36666666667,0.263034405834,-4.51666666667,5.4
13,2018,4.35,4.83333333333,1.18333333333,0.891666666667,12,12,4,-4.35,-4.83333333333,-0.165423609207,-4.74166666667,4.8
13,2019,4.04166666667,4.76666666667,1.11666666667,0.783333333333,12,12,3.6,-4.04166666667,-4.76666666667,-0.352301743931,-4.35,4
13,2020,4.5,4.975,2.14166666667,1.51666666667,12,12,6.5,-4.5,-4.975,0.60090404459,-4.04166666667,3.6
13,2021,5.29166666667,7.61666666667,1.225,0.558333333333,12,12,3.9,-5.29166666667,-7.61666666667,-0.840801405151,-4.5,6.5
13,2022,5.51666666667,8.03333333333,1.24166666667,0.4,12,12,3.1,-5.51666666667,-8.03333333333,-1.32192809489,-5.29166666667,3.9
13,2023,4.53333333333,6.59166666667,1.025,0.491666666667,12,12,3.2,-4.53333333333,-6.59166666667,-1.02424754625,-5.51666666667,3.1
13,2024,3.675,4.95833333333,1.025,0.725,12,12,3.4,-3.675,-4.95833333333,-0.46394709976,-4.53333333333,3.2
13,2025,3.20833333333,5.475,1.025,,12,11,3.4,-3.20833333333,-5.475,,-3.675,3.4
15,2012,3.09166666667,2.70833333333,1.13333333333,2.275,12,12,5.8,-3.09166666667,-2.70833333333,1.18586654531,,
15,2013,2.975,2.625,1.15,1.89166666667,12,12,4.7,-2.975,-2.625,0.919657891682,-3.09166666667,5.8
15,2014,3.03333333333,2.825,1.13333333333,1.58333333333,12,12,4.2,-3.03333333333,-2.825,0.662965012722,-2.975,4.7
15,2015,3.38333333333,3.05833333333,1.2,1.175,12,12,3.4,-3.38333333333,-3.05833333333,0.23266075679,-3.03333333333,4.2
15,2016,3.725,3.575,1.28333333333,0.858333333333,12,12,2.9,-3.725,-3.575,-0.220390068425,-3.38333333333,3.4
15,2017,3.36666666667,3.89166666667,0.875,0.583333333333,12,12,2.2,-3.36666666667,-3.89166666667,-0.777607578664,-3.725,2.9
15,2018,3.375,4.175,0.975,0.583333333333,12,12,2.4,-3.375,-4.175,-0.777607578664,-3.36666666667,2.2
15,2019,3.59166666667,4.475,1.1,0.566666666667,12,12,2.5,-3.59166666667,-4.475,-0.819427754358,-3.375,2.4
15,2020,4.49166666667,4.275,2.88333333333,3.46666666667,12,12,11.6,-4.49166666667,-4.275,1.79354912253,-3.59166666667,2.5
15,2021,4.275,6.10833333333,0.866666666667,1.14166666667,12,12,6,-4.275,-6.10833333333,0.191141487352,-4.49166666667,11.6
15,2022,3.78333333333,6.025,0.8,0.558333333333,12,12,3.2,-3.78333333333,-6.025,-0.840801405151,-4.275,6
15,2023,3.20833333333,4.81666666667,0.883333333333,0.616666666667,12,12,2.9,-3.20833333333,-4.81666666667,-0.69743722998,-3.78333333333,3.2
15,2024,3.225,4.04166666667,0.975,0.708333333333,12,12,2.8,-3.225,-4.04166666667,-0.497499659471,-3.20833333333,2.9
15,2025,3.00833333333,3.525,0.925,,12,11,2.4,-3.00833333333,-3.525,,-3.225,2.8
16,2012,4.35833333333,3.06666666667,1.70833333333,3.00833333333,12,12,7.5,-4.35833333333,-3.06666666667,1.58896443128,,
16,2013,4.26666666667,3.31666666667,1.725,2.50833333333,12,12,6.9,-4.26666666667,-3.31666666667,1.32672908115,-4.35833333333,7.5
16,2014,4.425,4.05833333333,1.50833333333,1.25833333333,12,12,4.4,-4.425,-4.05833333333,0.331514143717,-4.26666666667,6.9
16,2015,4.43333333333,4.20833333333,1.44166666667,1.05,12,12,3.9,-4.43333333333,-4.20833333333,0.0703893278914,-4.425,4.4
16,2016,4.43333333333,4.44166666667,1.275,0.95,12,12,3.7,-4.43333333333,-4.44166666667,-0.0740005814438,-4.43333333333,3.9
16,2017,4.4,4.43333333333,1.21666666667,0.8,12,12,3.2,-4.4,-4.43333333333,-0.321928094887,-4.43333333333,3.7
16,2018,4.45,4.875,1.28333333333,0.658333333333,12,12,2.9,-4.45,-4.875,-0.603109847431,-4.4,3.2
16,2019,4.76666666667,4.99166666667,1.3,0.625,12,12,2.9,-4.76666666667,-4.99166666667,-0.678071905113,-4.45,2.9
16,2020,5.53333333333,4.69166666667,2.44166666667,1.36666666667,12,12,5.5,-5.53333333333,-4.69166666667,0.45066140901,-4.76666666667,2.9
16,2021,5.08333333333,6.66666666667,1.00833333333,0.6,12,12,3.6,-5.08333333333,-6.66666666667,-0.736965594166,-5.53333333333,5.5
16,2022,5.275,7.30833333333,1.21666666667,0.425,12,12,2.9,-5.275,-7.30833333333,-1.23446525364,-5.08333333333,3.6
16,2023,4.56666666667,6.1,1.21666666667,0.583333333333,12,12,3.2,-4.56666666667,-6.1,-0.777607578664,-5.275,2.9
16,2024,4.4,4.91666666667,1.34166666667,0.808333333333,12,12,3.6,-4.4,-4.91666666667,-0.306977753421,-4.56666666667,3.2
16,2025,4.14166666667,4.35,2.40833333333,,12,11,3.7,-4.14166666667,-4.35,,-4.4,3.6
17,2012,2.98333333333,2.625,1.2,3.86666666667,12,12,9,-2.98333333333,-2.625,1.95109039952,,
17,2013,3.25833333333,2.675,1.11666666667,3.76666666667,12,12,9.1,-3.25833333333,-2.675,1.91328836681,-2.98333333333,9
17,2014,3.74166666667,3.35,1.225,2.34166666667,12,12,7.2,-3.74166666667,-3.35,1.22753572461,-3.25833333333,9.1
17,2015,3.425,3.675,1.24166666667,1.74166666667,12,12,6,-3.425,-3.675,0.800468536472,-3.74166666667,7.2
17,2016,3.54166666667,3.59166666667,1.31666666667,1.73333333333,12,12,5.9,-3.54166666667,-3.59166666667,0.793549122533,-3.425,6
17,2017,3.75833333333,3.88333333333,1.31666666667,1.31666666667,12,12,5,-3.75833333333,-3.88333333333,0.396890152569,-3.54166666667,5.9
17,2018,3.94166666667,4.49166666667,1.24166666667,1.01666666667,12,12,4.4,-3.94166666667,-4.49166666667,0.0238467419544,-3.75833333333,5
17,2019,3.48333333333,4.30833333333,0.966666666667,0.95,12,12,4,-3.48333333333,-4.30833333333,-0.0740005814438,-3.94166666667,4.4
17,2020,4.11666666667,3.95,2.48333333333,2.74166666667,12,12,9.3,-4.11666666667,-3.95,1.45505317813,-3.48333333333,4
17,2021,4.56666666667,6.03333333333,1.13333333333,1.10833333333,12,12,6.1,-4.56666666667,-6.03333333333,0.148391839893,-4.11666666667,9.3
17,2022,4.23333333333,6.78333333333,1.11666666667,0.666666666667,12,12,4.6,-4.23333333333,-6.78333333333,-0.584962500721,-4.56666666667,6.1
17,2023,3.69166666667,5.91666666667,1.05,0.775,12,12,4.5,-3.69166666667,-5.91666666667,-0.3677317845,-4.23333333333,4.6
17,2024,3.36666666667,4.84166666667,1.13333333333,1.075,12,12,5,-3.36666666667,-4.84166666667,0.104336659815,-3.69166666667,4.5
17,2025,3.48333333333,4.175,1.23333333333,,12,11,4.6,-3.48333333333,-4.175,,-3.36666666667,5
18,2012,3.975,2.73333333333,1.975,3.24166666667,12,12,8.2,-3.975,-2.73333333333,1.69673574938,,
18,2013,3.31666666667,2.53333333333,1.13333333333,3.175,12,12,7.5,-3.31666666667,-2.53333333333,1.66675659188,-3.975,8.2
18,2014,3.44166666667,2.93333333333,1.19166666667,2.175,12,12,5.9,-3.44166666667,-2.93333333333,1.12101540096,-3.31666666667,7.5
18,2015,3.6,3.375,1.175,1.49166666667,12,12,4.8,-3.6,-3.375,0.576925181656,-3.44166666667,5.9
18,2016,3.80833333333,3.53333333333,1.125,1.29166666667,12,12,4.4,-3.80833333333,-3.53333333333,0.369233809666,-3.6,4.8
18,2017,4.09166666667,3.98333333333,1.30833333333,0.925,12,12,3.5,-4.09166666667,-3.98333333333,-0.112474729258,-3.80833333333,4.4
18,2018,4.56666666667,5.075,1.51666666667,0.716666666667,12,12,3.4,-4.56666666667,-5.075,-0.480625840906,-4.09166666667,3.5
18,2019,4.54166666667,4.74166666667,1.56666666667,0.725,12,12,3.3,-4.54166666667,-4.74166666667,-0.46394709976,-4.56666666667,3.4
18,2020,4.70833333333,4.35,2.625,1.98333333333,12,12,7.3,-4.70833333333,-4.35,0.987927167699,-4.54166666667,3.3
18,2021,4.625,6.54166666667,0.975,0.641666666667,12,12,3.9,-4.625,-6.54166666667,-0.640104054914,-4.70833333333,7.3
18,2022,4.41666666667,6.4,0.95,0.466666666667,12,12,3.1,-4.41666666667,-6.4,-1.09953567355,-4.625,3.9
18,2023,3.96666666667,4.89166666667,1.175,0.708333333333,12,12,3.4,-3.96666666667,-4.89166666667,-0.497499659471,-4.41666666667,3.1
18,2024,3.68333333333,4.4,1.06666666667,0.933333333333,12,12,4,-3.68333333333,-4.4,-0.0995356735509,-3.96666666667,3.4
18,2025,4.03333333333,4.09166666667,1.475,,12,11,3.7,-4.03333333333,-4.09166666667,,-3.68333333333,4
19,2012,3.13333333333,2.74166666667,1.23333333333,1.98333333333,12,12,5,-3.13333333333,-2.74166666667,0.987927167699,,
19,2013,2.98333333333,2.93333333333,1.05,1.73333333333,12,12,4.7,-2.98333333333,-2.93333333333,0.793549122533,-3.13333333333,5
19,2014,3.19166666667,3.03333333333,1.075,1.5,12,12,4.3,-3.19166666667,-3.03333333333,0.584962500721,-2.98333333333,4.7
19,2015,3.35833333333,3.375,1.10833333333,1.175,12,12,3.7,-3.35833333333,-3.375,0.23266075679,-3.19166666667,4.3
19,2016,3.375,3.65,1.15,1.03333333333,12,12,3.6,-3.375,-3.65,0.0473057147784,-3.35833333333,3.7
19,2017,3.45,3.85833333333,1.19166666667,0.841666666667,12,12,3.1,-3.45,-3.85833333333,-0.248679112857,-3.375,3.6
19,2018,3.54166666667,4.725,1.14166666667,0.55,12,12,2.6,-3.54166666667,-4.725,-0.86249647625,-3.45,3.1
19,2019,3.54166666667,4.53333333333,1.15833333333,0.616666666667,12,12,2.7,-3.54166666667,-4.53333333333,-0.69743722998,-3.54166666667,2.6
19,2020,4.00833333333,4.125,2.08333333333,1.43333333333,12,12,5.2,-4.00833333333,-4.125,0.519374159094,-3.54166666667,2.7
19,2021,4.09166666667,6.1,0.908333333333,0.658333333333,12,12,3.9,-4.09166666667,-6.1,-0.603109847431,-4.00833333333,5.2
19,2022,3.95833333333,6.8,0.875,0.425,12,12,2.9,-3.95833333333,-6.8,-1.23446525364,-4.09166666667,3.9
19,2023,3.53333333333,5.225,1.125,0.583333333333,12,12,3,-3.53333333333,-5.225,-0.777607578664,-3.95833333333,2.9
19,2024,3.16666666667,4.21666666667,1.00833333333,0.775,12,12,3.2,-3.16666666667,-4.21666666667,-0.3677317845,-3.53333333333,3
19,2025,3.35833333333,3.86666666667,1.03333333333,,12,11,3.5,-3.35833333333,-3.86666666667,,-3.16666666667,3.2
20,2012,3.19166666667,2.54166666667,1.19166666667,2.39166666667,12,12,5.7,-3.19166666667,-2.54166666667,1.25801633107,,
20,2013,3,2.55833333333,1.06666666667,2.24166666667,12,12,5.3,-3,-2.55833333333,1.16457176695,-3.19166666667,5.7
20,2014,3.325,3.00833333333,1.10833333333,1.59166666667,12,12,4.5,-3.325,-3.00833333333,0.670538232427,-3,5.3
20,2015,3.525,3.36666666667,1.2,1.28333333333,12,12,4.2,-3.525,-3.36666666667,0.359895945086,-3.325,4.5
20,2016,3.65833333333,3.75,1.275,1.10833333333,12,12,4,-3.65833333333,-3.75,0.148391839893,-3.525,4.2
20,2017,3.69166666667,4.1,1.275,0.9,12,12,3.6,-3.69166666667,-4.1,-0.152003093445,-3.65833333333,4
20,2018,3.775,5.31666666667,1.15833333333,0.633333333333,12,12,3.3,-3.775,-5.31666666667,-0.658963082165,-3.69166666667,3.6
20,2019,3.78333333333,4.8,1.075,0.658333333333,12,12,3.2,-3.78333333333,-4.8,-0.603109847431,-3.775,3.3
20,2020,3.60833333333,4.375,2.00833333333,1.45833333333,12,12,5.8,-3.60833333333,-4.375,0.544320516224,-3.78333333333,3.2
20,2021,4.11666666667,5.9,0.841666666667,0.616666666667,12,12,3.4,-4.11666666667,-5.9,-0.69743722998,-3.60833333333,5.8
20,2022,3.96666666667,6.63333333333,0.866666666667,0.425,12,12,2.8,-3.96666666667,-6.63333333333,-1.23446525364,-4.11666666667,3.4
20,2023,3.55,5.3,1.00833333333,0.533333333333,12,12,2.9,-3.55,-5.3,-0.906890595609,-3.96666666667,2.8
20,2024,3.20833333333,4.6,1.00833333333,0.783333333333,12,12,3.5,-3.20833333333,-4.6,-0.352301743931,-3.55,2.9
20,2025,3.26666666667,4.26666666667,1.05833333333,,12,11,3.8,-3.26666666667,-4.26666666667,,-3.20833333333,3.5
21,2012,3.65,2.925,1.48333333333,3.10833333333,12,12,8.2,-3.65,-2.925,1.63614122465,,
21,2013,3.725,2.78333333333,1.3,3.14166666667,12,12,7.9,-3.725,-2.78333333333,1.65153011766,-3.65,8.2
21,2014,4.09166666667,3.69166666667,1.4,1.85833333333,12,12,6.4,-4.09166666667,-3.69166666667,0.894009304312,-3.725,7.9
21,2015,4.11666666667,4.21666666667,1.3,1.26666666667,12,12,5.3,-4.11666666667,-4.21666666667,0.341036917835,-4.09166666667,6.4
21,2016,4.00833333333,4.25,1.24166666667,1.225,12,12,5.1,-4.00833333333,-4.25,0.292781749228,-4.11666666667,5.3
21,2017,4.16666666667,4.04166666667,1.275,1.20833333333,12,12,4.8,-4.16666666667,-4.04166666667,0.273018494406,-4.00833333333,5.1
21,2018,4.38333333333,4.48333333333,1.25833333333,0.95,12,12,4.2,-4.38333333333,-4.48333333333,-0.0740005814438,-4.16666666667,4.8
21,2019,4.24166666667,4.43333333333,1.2,0.95,12,12,4.1,-4.24166666667,-4.43333333333,-0.0740005814438,-4.38333333333,4.2
21,2020,5.10833333333,4.88333333333,2.40833333333,1.475,12,12,6.5,-5.10833333333,-4.88333333333,0.560714954474,-4.24166666667,4.1
21,2021,5.28333333333,7.13333333333,1.21666666667,0.625,12,12,4.4,-5.28333333333,-7.13333333333,-0.678071905113,-5.10833333333,6.5
21,2022,5,7.56666666667,1,0.516666666667,12,12,4,-5,-7.56666666667,-0.952694285222,-5.28333333333,4.4
21,2023,4.39166666667,5.81666666667,0.991666666667,0.691666666667,12,12,4.2,-4.39166666667,-5.81666666667,-0.531851164262,-5,4
21,2024,3.59166666667,5.66666666667,0.991666666667,0.825,12,12,4.8,-3.59166666667,-5.66666666667,-0.277533975529,-4.39166666667,4.2
21,2025,3.525,4.74166666667,1.125,,12,11,4.6,-3.525,-4.74166666667,,-3.59166666667,4.8
22,2012,3.625,2.71666666667,1.46666666667,2.63333333333,12,12,6.7,-3.625,-2.71666666667,1.39689015257,,
22,2013,3.76666666667,2.775,1.31666666667,2.4,12,12,6.4,-3.76666666667,-2.775,1.26303440583,-3.625,6.7
22,2014,3.83333333333,3.225,1.29166666667,2.01666666667,12,12,6.2,-3.83333333333,-3.225,1.01197264167,-3.76666666667,6.4
22,2015,3.78333333333,3.96666666667,1.39166666667,1.66666666667,12,12,6.3,-3.78333333333,-3.96666666667,0.736965594166,-3.83333333333,6.2
22,2016,4.01666666667,3.75833333333,1.45,1.66666666667,12,12,6,-4.01666666667,-3.75833333333,0.736965594166,-3.78333333333,6.3
22,2017,4.225,3.65,1.475,1.43333333333,12,12,5.1,-4.225,-3.65,0.519374159094,-4.01666666667,6
22,2018,4.25833333333,4.06666666667,1.28333333333,1.2,12,12,4.8,-4.25833333333,-4.06666666667,0.263034405834,-4.225,5.1
22,2019,4.46666666667,4.40833333333,1.36666666667,1.05,12,12,4.6,-4.46666666667,-4.40833333333,0.0703893278914,-4.25833333333,4.8
22,2020,4.425,4.63333333333,2.34166666667,2.06666666667,12,12,8.6,-4.425,-4.63333333333,1.04730571478,-4.46666666667,4.6
22,2021,5.04166666667,6.5,1.03333333333,0.916666666667,12,12,5.6,-5.04166666667,-6.5,-0.125530882084,-4.425,8.6
22,2022,4.99166666667,7.43333333333,1.09166666667,0.5,12,12,3.7,-4.99166666667,-7.43333333333,-1,-5.04166666667,5.6
22,2023,5.025,6.625,1.26666666667,0.558333333333,12,12,3.7,-5.025,-6.625,-0.840801405151,-4.99166666667,3.7
22,2024,4.1,5.18333333333,1.30833333333,0.833333333333,12,12,4.3,-4.1,-5.18333333333,-0.263034405834,-5.025,3.7
22,2025,3.75833333333,4.9,1.11666666667,,12,11,4.3,-3.75833333333,-4.9,,-4.1,4.3
23,2012,3.41666666667,3.03333333333,1.46666666667,2.74166666667,12,12,7.2,-3.41666666667,-3.03333333333,1.45505317813,,
23,2013,3.40833333333,3.19166666667,1.75,2.41666666667,12,12,6.7,-3.40833333333,-3.19166666667,1.27301849441,-3.41666666667,7.2
23,2014,3.46666666667,3.36666666667,1.61666666667,1.88333333333,12,12,5.6,-3.46666666667,-3.36666666667,0.913288366807,-3.40833333333,6.7
23,2015,3.84166666667,3.825,1.45,1.28333333333,12,12,4.4,-3.84166666667,-3.825,0.359895945086,-3.46666666667,5.6
23,2016,3.96666666667,4.33333333333,1.39166666667,0.95,12,12,3.8,-3.96666666667,-4.33333333333,-0.0740005814438,-3.84166666667,4.4
23,2017,3.90833333333,4.30833333333,1.61666666667,0.866666666667,12,12,3.4,-3.90833333333,-4.30833333333,-0.206450877467,-3.96666666667,3.8
23,2018,4.075,5.01666666667,1.675,0.683333333333,12,12,3.2,-4.075,-5.01666666667,-0.54933859099,-3.90833333333,3.4
23,2019,3.975,4.65833333333,1.40833333333,0.65,12,12,2.9,-3.975,-4.65833333333,-0.621488376746,-4.075,3.2
23,2020,4.25833333333,4.30833333333,2.50833333333,1.36666666667,12,12,5.1,-4.25833333333,-4.30833333333,0.45066140901,-3.975,2.9
23,2021,4.25,6.475,1.06666666667,0.75,12,12,4.7,-4.25,-6.475,-0.415037499279,-4.25833333333,5.1
23,2022,4.16666666667,6.78333333333,0.958333333333,0.425,12,12,2.8,-4.16666666667,-6.78333333333,-1.23446525364,-4.25,4.7
23,2023,4,6.23333333333,1.21666666667,0.433333333333,12,12,2.6,-4,-6.23333333333,-1.20645087747,-4.16666666667,2.8
23,2024,3.575,4.95833333333,1.15833333333,0.625,12,12,3,-3.575,-4.95833333333,-0.678071905113,-4,2.6
23,2025,3.55833333333,4.65,1.25,,12,11,3.4,-3.55833333333,-4.65,,-3.575,3
24,2012,3.04166666667,2.89166666667,1.24166666667,2.79166666667,12,12,6.9,-3.04166666667,-2.89166666667,1.48112668974,,
24,2013,3.075,2.925,1.15,2.65833333333,12,12,6.6,-3.075,-2.925,1.41052201816,-3.04166666667,6.9
24,2014,3.125,3.425,1.09166666667,1.99166666667,12,12,5.7,-3.125,-3.425,0.993976212372,-3.075,6.6
24,2015,3.25,4.06666666667,0.991666666667,1.41666666667,12,12,5,-3.25,-4.06666666667,0.502500340529,-3.125,5.7
24,2016,3.3,4.00833333333,0.958333333333,1.2,12,12,4.2,-3.3,-4.00833333333,0.263034405834,-3.25,5
24,2017,3.4,4.05833333333,1.29166666667,1.15,12,12,4.1,-3.4,-4.05833333333,0.20163386117,-3.3,4.2
24,2018,3.475,4.66666666667,1.36666666667,0.933333333333,12,12,3.8,-3.475,-4.66666666667,-0.0995356735509,-3.4,4.1
24,2019,3.80833333333,4.8,1.15833333333,0.8,12,12,3.4,-3.80833333333,-4.8,-0.321928094887,-3.475,3.8
24,2020,3.78333333333,5.00833333333,2.04166666667,1.6,12,12,6.5,-3.78333333333,-5.00833333333,0.678071905113,-3.80833333333,3.4
24,2021,3.6,7.03333333333,0.858333333333,0.841666666667,12,12,5.2,-3.6,-7.03333333333,-0.248679112857,-3.78333333333,6.5
24,2022,4.26666666667,7.24166666667,1.15,0.458333333333,12,12,3,-4.26666666667,-7.24166666667,-1.12553088208,-3.6,5.2
24,2023,4.14166666667,6.33333333333,1.075,0.383333333333,12,12,2.2,-4.14166666667,-6.33333333333,-1.38332863955,-4.26666666667,3
24,2024,3.425,5.08333333333,1.04166666667,0.691666666667,12,12,3.2,-3.425,-5.08333333333,-0.531851164262,-4.14166666667,2.2
24,2025,2.975,4.375,0.908333333333,,12,11,4,-2.975,-4.375,,-3.425,3.2
25,2012,2.65,2.55,0.941666666667,2.70833333333,12,12,6.7,-2.65,-2.55,1.43740531231,,
25,2013,2.875,2.89166666667,1.25,2.35833333333,12,12,6.7,-2.875,-2.89166666667,1.23776764722,-2.65,6.7
25,2014,2.93333333333,3.48333333333,1.14166666667,1.69166666667,12,12,5.7,-2.93333333333,-3.48333333333,0.758445321577,-2.875,6.7
25,2015,2.875,4.025,0.866666666667,1.18333333333,12,12,4.8,-2.875,-4.025,0.242856523896,-2.93333333333,5.7
25,2016,3.24166666667,3.88333333333,1.175,1.00833333333,12,12,4,-3.24166666667,-3.88333333333,0.0119726416661,-2.875,4.8
25,2017,2.89166666667,4.01666666667,1.19166666667,0.966666666667,12,12,3.8,-2.89166666667,-4.01666666667,-0.0489096004809,-3.24166666667,4
25,2018,3.13333333333,4.325,1.075,0.8,12,12,3.5,-3.13333333333,-4.325,-0.321928094887,-2.89166666667,3.8
25,2019,3.34166666667,4.34166666667,1.05833333333,0.7,12,12,3,-3.34166666667,-4.34166666667,-0.51457317283,-3.13333333333,3.5
25,2020,3.7,4.00833333333,2.625,2.58333333333,12,12,9.3,-3.7,-4.00833333333,1.36923380967,-3.34166666667,3
25,2021,3.69166666667,6.425,0.9,0.883333333333,12,12,5.3,-3.69166666667,-6.425,-0.178970141045,-3.7,9.3
25,2022,3.54166666667,7.175,0.766666666667,0.508333333333,12,12,3.7,-3.54166666667,-7.175,-0.976153258046,-3.69166666667,5.3
25,2023,3.19166666667,6.25833333333,0.858333333333,0.533333333333,12,12,3.5,-3.19166666667,-6.25833333333,-0.906890595609,-3.54166666667,3.7
25,2024,2.93333333333,4.95833333333,0.983333333333,0.833333333333,12,12,4,-2.93333333333,-4.95833333333,-0.263034405834,-3.19166666667,3.5
25,2025,2.75,4.225,1.01666666667,,12,11,4.5,-2.75,-4.225,,-2.93333333333,4
26,2012,3.24166666667,2.84166666667,1.48333333333,3.63333333333,12,12,9.1,-3.24166666667,-2.84166666667,1.86129372917,,
26,2013,2.95,2.73333333333,1.3,3.61666666667,12,12,8.8,-2.95,-2.73333333333,1.85466063684,-3.24166666667,9.1
26,2014,3.2,2.975,1.35833333333,2.75,12,12,7.2,-3.2,-2.975,1.45943161864,-2.95,8.8
26,2015,3.39166666667,3.64166666667,1.31666666667,1.63333333333,12,12,5.4,-3.39166666667,-3.64166666667,0.707819248507,-3.2,7.2
26,2016,3.75833333333,3.90833333333,1.21666666667,1.39166666667,12,12,5,-3.75833333333,-3.90833333333,0.476813696866,-3.39166666667,5.4
26,2017,3.53333333333,4.46666666667,1.34166666667,1.08333333333,12,12,4.6,-3.53333333333,-4.46666666667,0.11547721742,-3.75833333333,5
26,2018,3.83333333333,4.89166666667,1.15833333333,0.916666666667,12,12,4.2,-3.83333333333,-4.89166666667,-0.125530882084,-3.53333333333,4.6
26,2019,3.79166666667,4.675,1.075,0.925,12,12,4.1,-3.79166666667,-4.675,-0.112474729258,-3.83333333333,4.2
26,2020,5.08333333333,4.5,3.05,3.075,12,12,10,-5.08333333333,-4.5,1.62058641045,-3.79166666667,4.1
26,2021,4.93333333333,7.39166666667,1.05,0.833333333333,12,12,5.7,-4.93333333333,-7.39166666667,-0.263034405834,-5.08333333333,10
26,2022,4.00833333333,6.85,0.808333333333,0.625,12,12,4.2,-4.00833333333,-6.85,-0.678071905113,-4.93333333333,5.7
26,2023,3.53333333333,5.4,1.125,0.791666666667,12,12,3.9,-3.53333333333,-5.4,-0.337034987278,-4.00833333333,4.2
26,2024,3.65833333333,4.59166666667,1.29166666667,1.10833333333,12,12,4.7,-3.65833333333,-4.59166666667,0.148391839893,-3.53333333333,3.9
26,2025,3.84166666667,4.79166666667,1.24166666667,,12,11,5.2,-3.84166666667,-4.79166666667,,-3.65833333333,4.7
27,2012,3.13333333333,2.59166666667,1.15,2.34166666667,12,12,5.7,-3.13333333333,-2.59166666667,1.22753572461,,
27,2013,3.35,2.975,1.125,1.76666666667,12,12,5,-3.35,-2.975,0.821029858955,-3.13333333333,5.7
27,2014,3.26666666667,3.33333333333,1.03333333333,1.325,12,12,4.2,-3.26666666667,-3.33333333333,0.405992359676,-3.35,5
27,2015,3.175,4.01666666667,1.05833333333,0.966666666667,12,12,3.8,-3.175,-4.01666666667,-0.0489096004809,-3.26666666667,4.2
27,2016,3.125,3.93333333333,1.08333333333,0.991666666667,12,12,3.9,-3.125,-3.93333333333,-0.0120728323006,-3.175,3.8
27,2017,3.275,4.525,1.11666666667,0.783333333333,12,12,3.4,-3.275,-4.525,-0.352301743931,-3.125,3.9
27,2018,3.34166666667,5.18333333333,1.1,0.583333333333,12,12,3,-3.34166666667,-5.18333333333,-0.777607578664,-3.275,3.4
27,2019,3.28333333333,4.46666666667,0.9,0.733333333333,12,12,3.3,-3.28333333333,-4.46666666667,-0.447458976971,-3.34166666667,3
27,2020,3.51666666667,3.85833333333,2.325,1.825,12,12,6.3,-3.51666666667,-3.85833333333,0.867896463993,-3.28333333333,3.3
27,2021,3.60833333333,5.85833333333,0.7,0.675,12,12,3.7,-3.60833333333,-5.85833333333,-0.567040592724,-3.51666666667,6.3
27,2022,3.7,7.01666666667,0.866666666667,0.341666666667,12,12,2.4,-3.7,-7.01666666667,-1.54933859099,-3.60833333333,3.7
27,2023,3.60833333333,6.00833333333,1.06666666667,0.466666666667,12,12,2.8,-3.60833333333,-6.00833333333,-1.09953567355,-3.7,2.4
27,2024,3.19166666667,5.125,0.875,0.608333333333,12,12,3.1,-3.19166666667,-5.125,-0.717066036729,-3.60833333333,2.8
27,2025,2.9,4.5,0.9,,12,11,3.9,-2.9,-4.5,,-3.19166666667,3.1
28,2012,3.38333333333,2.94166666667,1.36666666667,3.525,12,12,8.8,-3.38333333333,-2.94166666667,1.81762325751,,
28,2013,3.625,2.61666666667,1.34166666667,3.625,12,12,8.5,-3.625,-2.61666666667,1.85798099513,-3.38333333333,8.8
28,2014,3.61666666667,2.875,1.29166666667,2.875,12,12,7.6,-3.61666666667,-2.875,1.52356195606,-3.625,8.5
28,2015,3.84166666667,3.525,1.15833333333,1.98333333333,12,12,6.5,-3.84166666667,-3.525,0.987927167699,-3.61666666667,7.6
28,2016,3.74166666667,3.50833333333,1.14166666667,1.83333333333,12,12,6,-3.74166666667,-3.50833333333,0.874469117916,-3.84166666667,6.5
28,2017,3.90833333333,3.59166666667,1.23333333333,1.55833333333,12,12,5.2,-3.90833333333,-3.59166666667,0.640003864279,-3.74166666667,6
28,2018,4.13333333333,4.25833333333,1.30833333333,1.225,12,12,4.9,-4.13333333333,-4.25833333333,0.292781749228,-3.90833333333,5.2
28,2019,4.15833333333,4.34166666667,1.29166666667,1.35,12,12,5.5,-4.15833333333,-4.34166666667,0.432959407276,-4.13333333333,4.9
28,2020,4.74166666667,4.725,2.15,1.9,12,12,7.9,-4.74166666667,-4.725,0.925999418556,-4.15833333333,5.5
28,2021,4.86666666667,6.59166666667,1.125,0.891666666667,12,12,5.4,-4.86666666667,-6.59166666667,-0.165423609207,-4.74166666667,7.9
28,2022,4.94166666667,7.06666666667,1.19166666667,0.525,12,12,3.8,-4.94166666667,-7.06666666667,-0.929610672109,-4.86666666667,5.4
28,2023,4.375,6.475,1.21666666667,0.491666666667,12,12,3.1,-4.375,-6.475,-1.02424754625,-4.94166666667,3.8
28,2024,3.84166666667,5.21666666667,0.975,0.625,12,12,3.2,-3.84166666667,-5.21666666667,-0.678071905113,-4.375,3.1
28,2025,3.73333333333,5.00833333333,1.05,,12,11,3.8,-3.73333333333,-5.00833333333,,-3.84166666667,3.2
29,2012,3.29166666667,2.65833333333,1.18333333333,2.93333333333,12,12,7.1,-3.29166666667,-2.65833333333,1.55254102303,,
29,2013,3.56666666667,2.86666666667,1.13333333333,2.54166666667,12,12,6.8,-3.56666666667,-2.86666666667,1.34577483684,-3.29166666667,7.1
29,2014,3.79166666667,3.10833333333,1.29166666667,2.15,12,12,6.2,-3.79166666667,-3.10833333333,1.10433665981,-3.56666666667,6.8
29,2015,4.45833333333,3.81666666667,1.19166666667,1.41666666667,12,12,5.1,-4.45833333333,-3.81666666667,0.502500340529,-3.79166666667,6.2
29,2016,3.94166666667,3.78333333333,1.14166666667,1.24166666667,12,12,4.6,-3.94166666667,-3.78333333333,0.312277924854,-4.45833333333,5.1
29,2017,3.89166666667,4.14166666667,1.35,0.933333333333,12,12,3.8,-3.89166666667,-4.14166666667,-0.0995356735509,-3.94166666667,4.6
29,2018,3.71666666667,5.1,1.06666666667,0.65,12,12,3.2,-3.71666666667,-5.1,-0.621488376746,-3.89166666667,3.8
29,2019,3.825,4.825,1.18333333333,0.683333333333,12,12,3.2,-3.825,-4.825,-0.54933859099,-3.71666666667,3.2
29,2020,4.31666666667,4.06666666667,2.21666666667,1.68333333333,12,12,6.1,-4.31666666667,-4.06666666667,0.751320887143,-3.825,3.2
29,2021,4.075,6.08333333333,0.833333333333,0.716666666667,12,12,4.1,-4.075,-6.08333333333,-0.480625840906,-4.31666666667,6.1
29,2022,3.74166666667,6.7,1,0.366666666667,12,12,2.6,-3.74166666667,-6.7,-1.44745897697,-4.075,4.1
29,2023,3.38333333333,5.48333333333,0.941666666667,0.558333333333,12,12,3.1,-3.38333333333,-5.48333333333,-0.840801405151,-3.74166666667,2.6
29,2024,3.35,5.19166666667,0.958333333333,0.716666666667,12,12,3.7,-3.35,-5.19166666667,-0.480625840906,-3.38333333333,3.1
29,2025,3.05,4.43333333333,0.866666666667,,12,11,4,-3.05,-4.43333333333,,-3.35,3.7
30,2012,4.38333333333,3.2,1.91666666667,2.04166666667,12,12,5.8,-4.38333333333,-3.2,1.02974734339,,
30,2013,4.58333333333,3.74166666667,1.95,1.55,12,12,5.3,-4.58333333333,-3.74166666667,0.6322682155,-4.38333333333,5.8
30,2014,4.83333333333,4.23333333333,1.85,1.19166666667,12,12,4.6,-4.83333333333,-4.23333333333,0.25298074117,-4.58333333333,5.3
30,2015,5.31666666667,4.6,1.925,1,12,12,4.3,-5.31666666667,-4.6,0,-4.83333333333,4.6
30,2016,5.16666666667,4.775,1.80833333333,0.966666666667,12,12,4.3,-5.16666666667,-4.775,-0.0489096004809,-5.31666666667,4.3
30,2017,5.04166666667,4.85,1.48333333333,0.9,12,12,4.1,-5.04166666667,-4.85,-0.152003093445,-5.16666666667,4.3
30,2018,4.78333333333,5.225,1.40833333333,0.766666666667,12,12,3.7,-4.78333333333,-5.225,-0.383328639552,-5.04166666667,4.1
30,2019,4.91666666667,5.35833333333,1.73333333333,0.691666666667,12,12,3.5,-4.91666666667,-5.35833333333,-0.531851164262,-4.78333333333,3.7
30,2020,5.55833333333,4.90833333333,2.75,1.375,12,12,5.8,-5.55833333333,-4.90833333333,0.459431618637,-4.91666666667,3.5
30,2021,5.65833333333,7.26666666667,1.24166666667,0.491666666667,12,12,3.4,-5.65833333333,-7.26666666667,-1.02424754625,-5.55833333333,5.8
30,2022,5.81666666667,8.13333333333,1.39166666667,0.316666666667,12,12,2.7,-5.81666666667,-8.13333333333,-1.65896308216,-5.65833333333,3.4
30,2023,4.925,6.59166666667,1.44166666667,0.425,12,12,2.7,-4.925,-6.59166666667,-1.23446525364,-5.81666666667,2.7
30,2024,4.94166666667,5.49166666667,1.59166666667,0.583333333333,12,12,3,-4.94166666667,-5.49166666667,-0.777607578664,-4.925,2.7
30,2025,4.70833333333,4.88333333333,1.56666666667,,12,11,3.3,-4.70833333333,-4.88333333333,,-4.94166666667,3
31,2012,3.15833333333,2.71666666667,1.2,1.46666666667,12,12,3.9,-3.15833333333,-2.71666666667,0.552541023029,,
31,2013,3.36666666667,2.85833333333,1.21666666667,1.35,12,12,3.7,-3.36666666667,-2.85833333333,0.432959407276,-3.15833333333,3.9
31,2014,3.525,3.39166666667,1.14166666667,0.958333333333,12,12,3.2,-3.525,-3.39166666667,-0.0614005446641,-3.36666666667,3.7
31,2015,3.64166666667,3.71666666667,1.13333333333,0.791666666667,12,12,3,-3.64166666667,-3.71666666667,-0.337034987278,-3.525,3.2
31,2016,3.625,3.91666666667,1.275,0.783333333333,12,12,3.1,-3.625,-3.91666666667,-0.352301743931,-3.64166666667,3
31,2017,3.61666666667,4.25833333333,1.275,0.65,12,12,3,-3.61666666667,-4.25833333333,-0.621488376746,-3.625,3.1
31,2018,3.91666666667,4.88333333333,1.21666666667,0.575,12,12,2.9,-3.91666666667,-4.88333333333,-0.79836613883,-3.61666666667,3
31,2019,3.81666666667,4.61666666667,1.08333333333,0.666666666667,12,12,3.1,-3.81666666667,-4.61666666667,-0.584962500721,-3.91666666667,2.9
31,2020,4.025,4.35833333333,1.975,1.06666666667,12,12,4.3,-4.025,-4.35833333333,0.0931094043915,-3.81666666667,3.1
31,2021,4.04166666667,5.86666666667,0.908333333333,0.441666666667,12,12,2.7,-4.04166666667,-5.86666666667,-1.17897014105,-4.025,4.3
31,2022,3.85833333333,6.51666666667,0.908333333333,0.333333333333,12,12,2.2,-3.85833333333,-6.51666666667,-1.58496250072,-4.04166666667,2.7
31,2023,3.70833333333,5.39166666667,1.06666666667,0.433333333333,12,12,2.3,-3.70833333333,-5.39166666667,-1.20645087747,-3.85833333333,2.2
31,2024,3.30833333333,4.30833333333,1.01666666667,0.633333333333,12,12,2.7,-3.30833333333,-4.30833333333,-0.658963082165,-3.70833333333,2.3
31,2025,3.13333333333,3.85,1,,12,11,3,-3.13333333333,-3.85,,-3.30833333333,2.7
32,2012,3.8,2.68333333333,1.60833333333,5.05833333333,12,12,11.5,-3.8,-2.68333333333,2.33866211065,,
32,2013,3.90833333333,3.20833333333,1.55,3.56666666667,12,12,10,-3.90833333333,-3.20833333333,1.83457639079,-3.8,11.5
32,2014,4.25833333333,3.975,1.46666666667,2.25833333333,12,12,8.2,-4.25833333333,-3.975,1.17525844575,-3.90833333333,10
32,2015,4.10833333333,4.075,1.26666666667,1.80833333333,12,12,6.9,-4.10833333333,-4.075,0.854660636836,-4.25833333333,8.2
32,2016,4.11666666667,4.1,1.60833333333,1.49166666667,12,12,5.8,-4.11666666667,-4.1,0.576925181656,-4.10833333333,6.9
32,2017,4,4.16666666667,1.15,1.25833333333,12,12,5,-4,-4.16666666667,0.331514143717,-4.11666666667,5.8
32,2018,4.21666666667,4.75,1.20833333333,0.975,12,12,4.4,-4.21666666667,-4.75,-0.0365258760251,-4,5
32,2019,4.11666666667,4.46666666667,1.23333333333,0.958333333333,12,12,4.1,-4.11666666667,-4.46666666667,-0.0614005446641,-4.21666666667,4.4
32,2020,6.28333333333,4.81666666667,4.76666666667,3.50833333333,12,12,13.5,-6.28333333333,-4.81666666667,1.81078582746,-4.11666666667,4.1
32,2021,5.725,7.23333333333,1.35,1,12,12,6.8,-5.725,-7.23333333333,0,-6.28333333333,13.5
32,2022,4.90833333333,6.65,1.15,0.783333333333,12,12,5.2,-4.90833333333,-6.65,-0.352301743931,-5.725,6.8
32,2023,3.98333333333,5.81666666667,1.16666666667,0.866666666667,12,12,5.1,-3.98333333333,-5.81666666667,-0.206450877467,-4.90833333333,5.2
32,2024,3.83333333333,4.28333333333,1.26666666667,1.26666666667,12,12,5.4,-3.83333333333,-4.28333333333,0.341036917835,-3.98333333333,5.1
32,2025,3.70833333333,3.80833333333,1.35833333333,,12,11,5.3,-3.70833333333,-3.80833333333,,-3.83333333333,5.4
33,2012,3.48333333333,3.09166666667,1.63333333333,2.025,12,12,5.5,-3.48333333333,-3.09166666667,1.017921908,,
33,2013,3.5,3.1,1.53333333333,1.91666666667,12,12,5.2,-3.5,-3.1,0.938599455336,-3.48333333333,5.5
33,2014,3.68333333333,3.38333333333,1.625,1.45833333333,12,12,4.3,-3.68333333333,-3.38333333333,0.544320516224,-3.5,5.2
33,2015,3.78333333333,3.73333333333,1.33333333333,1.03333333333,12,12,3.4,-3.78333333333,-3.73333333333,0.0473057147784,-3.68333333333,4.3
33,2016,3.75833333333,3.88333333333,1.29166666667,0.808333333333,12,12,2.9,-3.75833333333,-3.88333333333,-0.306977753421,-3.78333333333,3.4
33,2017,4.01666666667,4.075,1.475,0.758333333333,12,12,2.8,-4.01666666667,-4.075,-0.39909595541,-3.75833333333,2.9
33,2018,3.86666666667,4.54166666667,1.49166666667,0.625,12,12,2.6,-3.86666666667,-4.54166666667,-0.678071905113,-4.01666666667,2.8
33,2019,3.83333333333,4.40833333333,1.325,0.616666666667,12,12,2.6,-3.83333333333,-4.40833333333,-0.69743722998,-3.86666666667,2.6
33,2020,4.225,4.61666666667,2.65833333333,1.71666666667,12,12,6.7,-4.225,-4.61666666667,0.779609931575,-3.83333333333,2.6
33,2021,4.375,7.13333333333,1.19166666667,0.525,12,12,3.5,-4.375,-7.13333333333,-0.929610672109,-4.225,6.7
33,2022,4.35,7.25833333333,1.26666666667,0.333333333333,12,12,2.4,-4.35,-7.25833333333,-1.58496250072,-4.375,3.5
33,2023,4.08333333333,5.68333333333,1.23333333333,0.425,12,12,2.3,-4.08333333333,-5.68333333333,-1.23446525364,-4.35,2.4
33,2024,3.54166666667,4.95,1.40833333333,0.55,12,12,2.6,-3.54166666667,-4.95,-0.86249647625,-4.08333333333,2.3
33,2025,3.4,4.45,1.25833333333,,12,11,3.2,-3.4,-4.45,,-3.54166666667,2.6
34,2012,2.86666666667,2.36666666667,1.69166666667,4.675,12,12,9.4,-2.86666666667,-2.36666666667,2.224966365,,
34,2013,2.79166666667,2.75833333333,1.3,3.50833333333,12,12,8.4,-2.79166666667,-2.75833333333,1.81078582746,-2.86666666667,9.4
34,2014,2.83333333333,2.95833333333,1.325,2.55,12,12,6.7,-2.83333333333,-2.95833333333,1.35049724708,-2.79166666667,8.4
34,2015,3.23333333333,3.14166666667,1.325,2.05833333333,12,12,5.7,-3.23333333333,-3.14166666667,1.04147663598,-2.83333333333,6.7
34,2016,2.85,3.46666666667,1.275,1.575,12,12,4.9,-2.85,-3.46666666667,0.655351828613,-3.23333333333,5.7
34,2017,3,3.7,1.125,1.33333333333,12,12,4.5,-3,-3.7,0.415037499279,-2.85,4.9
34,2018,3.175,4.31666666667,1.175,0.991666666667,12,12,4,-3.175,-4.31666666667,-0.0120728323006,-3,4.5
34,2019,3.29166666667,4.16666666667,1.21666666667,0.875,12,12,3.5,-3.29166666667,-4.16666666667,-0.192645077942,-3.175,4
34,2020,4.84166666667,4.59166666667,3.05,2.46666666667,12,12,9.5,-4.84166666667,-4.59166666667,1.30256277002,-3.29166666667,3.5
34,2021,4,6.44166666667,1.01666666667,1.15833333333,12,12,6.7,-4,-6.44166666667,0.212050477115,-4.84166666667,9.5
34,2022,3.78333333333,5.925,1.1,0.675,12,12,3.9,-3.78333333333,-5.925,-0.567040592724,-4,6.7
34,2023,3.675,4.975,1.25,0.925,12,12,4.3,-3.675,-4.975,-0.112474729258,-3.78333333333,3.9
34,2024,3.175,4.53333333333,1.3,1.11666666667,12,12,4.6,-3.175,-4.53333333333,0.159198594849,-3.675,4.3
34,2025,3.24166666667,4.44166666667,1.41666666667,,12,11,5.2,-3.24166666667,-4.44166666667,,-3.175,4.6
35,2012,3.6,3.18333333333,1.46666666667,2.45833333333,12,12,6.9,-3.6,-3.18333333333,1.29768054864,,
35,2013,3.41666666667,3.11666666667,1.44166666667,2.46666666667,12,12,6.9,-3.41666666667,-3.11666666667,1.30256277002,-3.6,6.9
35,2014,3.575,3.76666666667,1.175,1.94166666667,12,12,6.6,-3.575,-3.76666666667,0.957295549046,-3.41666666667,6.9
35,2015,3.6,3.95,1.45833333333,1.83333333333,12,12,6.6,-3.6,-3.95,0.874469117916,-3.575,6.6
35,2016,3.51666666667,4.23333333333,1.2,1.75833333333,12,12,6.8,-3.51666666667,-4.23333333333,0.814208593099,-3.6,6.6
35,2017,3.59166666667,4.09166666667,1.05833333333,1.63333333333,12,12,6.1,-3.59166666667,-4.09166666667,0.707819248507,-3.51666666667,6.8
35,2018,3.70833333333,5.00833333333,0.958333333333,1.05833333333,12,12,4.9,-3.70833333333,-5.00833333333,0.0817940911636,-3.59166666667,6.1
35,2019,4.30833333333,5.15833333333,1.16666666667,1.03333333333,12,12,5,-4.30833333333,-5.15833333333,0.0473057147784,-3.70833333333,4.9
35,2020,4.19166666667,4.675,2.46666666667,1.90833333333,12,12,7.9,-4.19166666667,-4.675,0.932313192488,-4.30833333333,5
35,2021,4.88333333333,7.075,0.933333333333,1.1,12,12,7.1,-4.88333333333,-7.075,0.13750352375,-4.19166666667,7.9
35,2022,4.40833333333,7.43333333333,1,0.566666666667,12,12,4.1,-4.40833333333,-7.43333333333,-0.819427754358,-4.88333333333,7.1
35,2023,3.68333333333,6.24166666667,0.975,0.608333333333,12,12,3.7,-3.68333333333,-6.24166666667,-0.717066036729,-4.40833333333,4.1
35,2024,3.64166666667,5.675,1.04166666667,0.741666666667,12,12,4.1,-3.64166666667,-5.675,-0.431157164642,-3.68333333333,3.7
35,2025,3.39166666667,4.55,1.05,,12,11,4.2,-3.39166666667,-4.55,,-3.64166666667,4.1
36,2012,2.98333333333,2.56666666667,1.33333333333,3.60833333333,12,12,8.6,-2.98333333333,-2.56666666667,1.85133261912,,
36,2013,2.73333333333,2.58333333333,1.35,3.2,12,12,7.8,-2.73333333333,-2.58333333333,1.67807190511,-2.98333333333,8.6
36,2014,2.51666666667,2.7,1.06666666667,2.41666666667,12,12,6.3,-2.51666666667,-2.7,1.27301849441,-2.73333333333,7.8
36,2015,2.88333333333,3.09166666667,1.13333333333,1.725,12,12,5.2,-2.88333333333,-3.09166666667,0.786596361891,-2.51666666667,6.3
36,2016,3.025,3.44166666667,1.19166666667,1.41666666667,12,12,4.9,-3.025,-3.44166666667,0.502500340529,-2.88333333333,5.2
36,2017,2.99166666667,3.44166666667,1.16666666667,1.34166666667,12,12,4.6,-2.99166666667,-3.44166666667,0.424026282506,-3.025,4.9
36,2018,2.975,3.88333333333,1.19166666667,1.03333333333,12,12,4.1,-2.975,-3.88333333333,0.0473057147784,-2.99166666667,4.6
36,2019,3.03333333333,3.81666666667,1.16666666667,0.975,12,12,3.9,-3.03333333333,-3.81666666667,-0.0365258760251,-2.975,4.1
36,2020,3.43333333333,3.725,2.425,2.86666666667,12,12,9.8,-3.43333333333,-3.725,1.51937415909,-3.03333333333,3.9
36,2021,3.38333333333,5.68333333333,0.933333333333,1.325,12,12,7.1,-3.38333333333,-5.68333333333,0.405992359676,-3.43333333333,9.8
36,2022,3.21666666667,5.48333333333,0.858333333333,0.741666666667,12,12,4.3,-3.21666666667,-5.48333333333,-0.431157164642,-3.38333333333,7.1
36,2023,2.93333333333,4.4,1.03333333333,0.891666666667,12,12,4,-2.93333333333,-4.4,-0.165423609207,-3.21666666667,4.3
36,2024,2.75,4.51666666667,0.95,0.883333333333,12,12,4.2,-2.75,-4.51666666667,-0.178970141045,-2.93333333333,4
36,2025,3.14166666667,4.525,1.25,,12,11,4.3,-3.14166666667,-4.525,,-2.75,4.2
37,2012,3.79166666667,2.73333333333,1.45,4.075,12,12,9.6,-3.79166666667,-2.73333333333,2.02680005934,,
37,2013,3.89166666667,3.19166666667,1.39166666667,2.725,12,12,7.8,-3.89166666667,-3.19166666667,1.44625622989,-3.79166666667,9.6
37,2014,3.80833333333,3.24166666667,1.15833333333,2.06666666667,12,12,6.1,-3.80833333333,-3.24166666667,1.04730571478,-3.89166666667,7.8
37,2015,4.01666666667,4.00833333333,1.275,1.525,12,12,5.7,-4.01666666667,-4.00833333333,0.608809242676,-3.80833333333,6.1
37,2016,4.05,4.08333333333,1.20833333333,1.325,12,12,5.1,-4.05,-4.08333333333,0.405992359676,-4.01666666667,5.7
37,2017,4.05,4.43333333333,1.20833333333,1.09166666667,12,12,4.5,-4.05,-4.43333333333,0.126532405929,-4.05,5.1
37,2018,4.65833333333,5.13333333333,1.475,0.825,12,12,4,-4.65833333333,-5.13333333333,-0.277533975529,-4.05,4.5
37,2019,5.11666666667,5.775,1.575,0.7,12,12,3.9,-5.11666666667,-5.775,-0.51457317283,-4.65833333333,4
37,2020,5.08333333333,4.64166666667,2.40833333333,1.725,12,12,7.2,-5.08333333333,-4.64166666667,0.786596361891,-5.11666666667,3.9
37,2021,5.11666666667,6.83333333333,1.23333333333,0.716666666667,12,12,4.8,-5.11666666667,-6.83333333333,-0.480625840906,-5.08333333333,7.2
37,2022,4.925,7.31666666667,1.10833333333,0.5,12,12,3.7,-4.925,-7.31666666667,-1,-5.11666666667,4.8
37,2023,3.95833333333,6.29166666667,1.16666666667,0.55,12,12,3.5,-3.95833333333,-6.29166666667,-0.86249647625,-4.925,3.7
37,2024,3.63333333333,5.09166666667,1.05,0.716666666667,12,12,3.7,-3.63333333333,-5.09166666667,-0.480625840906,-3.95833333333,3.5
37,2025,3.40833333333,4.775,0.966666666667,,12,11,3.8,-3.40833333333,-4.775,,-3.63333333333,3.7
38,2012,4.33333333333,3.34166666667,1.775,0.775,12,12,2.9,-4.33333333333,-3.34166666667,-0.3677317845,,
38,2013,3.95,3.18333333333,1.64166666667,0.8,12,12,2.9,-3.95,-3.18333333333,-0.321928094887,-4.33333333333,2.9
38,2014,4.44166666667,3.69166666667,1.575,0.616666666667,12,12,2.7,-4.44166666667,-3.69166666667,-0.69743722998,-3.95,2.9
38,2015,4.16666666667,4.025,2,0.6,12,12,2.8,-4.16666666667,-4.025,-0.736965594166,-4.44166666667,2.7
38,2016,3.96666666667,3.88333333333,1.66666666667,0.716666666667,12,12,3,-3.96666666667,-3.88333333333,-0.480625840906,-4.16666666667,2.8
38,2017,4.075,4.25,1.45,0.55,12,12,2.6,-4.075,-4.25,-0.86249647625,-3.96666666667,3
38,2018,4.15833333333,5.03333333333,1.40833333333,0.433333333333,12,12,2.4,-4.15833333333,-5.03333333333,-1.20645087747,-4.075,2.6
38,2019,4.54166666667,5.55833333333,1.41666666667,0.333333333333,12,12,2.2,-4.54166666667,-5.55833333333,-1.58496250072,-4.15833333333,2.4
38,2020,4.63333333333,4.38333333333,2.95833333333,1.14166666667,12,12,5,-4.63333333333,-4.38333333333,0.191141487352,-4.54166666667,2.2
38,2021,4.7,6.29166666667,1.15,0.466666666667,12,12,3.1,-4.7,-6.29166666667,-1.09953567355,-4.63333333333,5
38,2022,4.375,6.73333333333,1.125,0.3,12,12,2.1,-4.375,-6.73333333333,-1.73696559417,-4.7,3.1
38,2023,4.19166666667,6.075,1.19166666667,0.308333333333,12,12,2,-4.19166666667,-6.075,-1.69743722998,-4.375,2.1
38,2024,3.81666666667,5.01666666667,1.275,0.441666666667,12,12,2.4,-3.81666666667,-5.01666666667,-1.17897014105,-4.19166666667,2
38,2025,3.80833333333,4.68333333333,1.25833333333,,12,11,2.6,-3.80833333333,-4.68333333333,,-3.81666666667,2.4
39,2012,2.975,2.63333333333,1.1,3.03333333333,12,12,7.4,-2.975,-2.63333333333,1.60090404459,,
39,2013,3.1,2.88333333333,1.16666666667,2.73333333333,12,12,7.4,-3.1,-2.88333333333,1.45066140901,-2.975,7.4
39,2014,3.45833333333,3.26666666667,1.25,1.85833333333,12,12,5.8,-3.45833333333,-3.26666666667,0.894009304312,-3.1,7.4
39,2015,3.96666666667,3.85,1.59166666667,1.30833333333,12,12,5,-3.96666666667,-3.85,0.387730153283,-3.45833333333,5.8
39,2016,4.04166666667,4.18333333333,1.425,1.24166666667,12,12,5,-4.04166666667,-4.18333333333,0.312277924854,-3.96666666667,5
39,2017,3.525,4.23333333333,1.075,1.18333333333,12,12,4.9,-3.525,-4.23333333333,0.242856523896,-4.04166666667,5
39,2018,3.775,4.76666666667,1.18333333333,0.941666666667,12,12,4.5,-3.775,-4.76666666667,-0.0867116331933,-3.525,4.9
39,2019,3.75,4.69166666667,1.11666666667,0.883333333333,12,12,4.1,-3.75,-4.69166666667,-0.178970141045,-3.775,4.5
39,2020,4.475,4.275,2.46666666667,2.1,12,12,8.2,-4.475,-4.275,1.07038932789,-3.75,4.1
39,2021,4.1,6.15,0.983333333333,0.891666666667,12,12,5.3,-4.1,-6.15,-0.165423609207,-4.475,8.2
39,2022,4.01666666667,6.8,1.04166666667,0.566666666667,12,12,4,-4.01666666667,-6.8,-0.819427754358,-4.1,5.3
39,2023,3.6,5.66666666667,1.1,0.633333333333,12,12,3.7,-3.6,-5.66666666667,-0.658963082165,-4.01666666667,4
39,2024,3.4,4.60833333333,1.175,0.933333333333,12,12,4.4,-3.4,-4.60833333333,-0.0995356735509,-3.6,3.7
39,2025,3.34166666667,4.65833333333,1.16666666667,,12,11,4.6,-3.34166666667,-4.65833333333,,-3.4,4.4
40,2012,3.55833333333,3.23333333333,1.275,1.69166666667,12,12,5.1,-3.55833333333,-3.23333333333,0.758445321577,,
40,2013,3.75,3.24166666667,1.20833333333,1.675,12,12,5.1,-3.75,-3.24166666667,0.74416109557,-3.55833333333,5.1
40,2014,4.03333333333,3.85,1.225,1.175,12,12,4.3,-4.03333333333,-3.85,0.23266075679,-3.75,5.1
40,2015,3.85833333333,3.925,1.3,1.16666666667,12,12,4.3,-3.85833333333,-3.925,0.222392421336,-4.03333333333,4.3
40,2016,3.76666666667,3.63333333333,1.26666666667,1.375,12,12,4.6,-3.76666666667,-3.63333333333,0.459431618637,-3.85833333333,4.3
40,2017,3.925,3.825,1.1,1.125,12,12,4,-3.925,-3.825,0.169925001442,-3.76666666667,4.6
40,2018,4.66666666667,4.38333333333,1.25833333333,0.791666666667,12,12,3.3,-4.66666666667,-4.38333333333,-0.337034987278,-3.925,4
40,2019,4.275,4.55833333333,1.175,0.7,12,12,3.1,-4.275,-4.55833333333,-0.51457317283,-4.66666666667,3.3
40,2020,4.40833333333,4.71666666667,2.175,1.44166666667,12,12,6.3,-4.40833333333,-4.71666666667,0.527737632028,-4.275,3.1
40,2021,4.725,6.44166666667,1.04166666667,0.675,12,12,4,-4.725,-6.44166666667,-0.567040592724,-4.40833333333,6.3
40,2022,5.10833333333,6.95833333333,0.966666666667,0.466666666667,12,12,3,-5.10833333333,-6.95833333333,-1.09953567355,-4.725,4
40,2023,4.74166666667,6.34166666667,1.08333333333,0.525,12,12,3.1,-4.74166666667,-6.34166666667,-0.929610672109,-5.10833333333,3
40,2024,4.05833333333,5.375,1.075,0.633333333333,12,12,3.2,-4.05833333333,-5.375,-0.658963082165,-4.74166666667,3.1
40,2025,3.43333333333,5.2,0.991666666667,,12,11,3.4,-3.43333333333,-5.2,,-4.05833333333,3.2
41,2012,3.425,2.56666666667,1.59166666667,3.99166666667,12,12,8.7,-3.425,-2.56666666667,1.99699125013,,
41,2013,3.46666666667,2.86666666667,1.40833333333,3.04166666667,12,12,7.8,-3.46666666667,-2.86666666667,1.60486205816,-3.425,8.7
41,2014,3.56666666667,3.425,1.18333333333,2.125,12,12,6.7,-3.56666666667,-3.425,1.08746284125,-3.46666666667,7.8
41,2015,3.50833333333,3.74166666667,1.23333333333,1.54166666667,12,12,5.5,-3.50833333333,-3.74166666667,0.624490864908,-3.56666666667,6.7
41,2016,3.74166666667,3.98333333333,1.10833333333,1.28333333333,12,12,4.8,-3.74166666667,-3.98333333333,0.359895945086,-3.50833333333,5.5
41,2017,4.05,4.18333333333,1.06666666667,1.025,12,12,4.1,-4.05,-4.18333333333,0.0356239097307,-3.74166666667,4.8
41,2018,4.175,4.70833333333,1.21666666667,0.883333333333,12,12,4,-4.175,-4.70833333333,-0.178970141045,-4.05,4.1
41,2019,4.3,4.95,1.4,0.758333333333,12,12,3.7,-4.3,-4.95,-0.39909595541,-4.175,4
41,2020,4.575,4.825,2.875,1.825,12,12,7.6,-4.575,-4.825,0.867896463993,-4.3,3.7
41,2021,4.60833333333,6.825,0.991666666667,0.825,12,12,5.2,-4.60833333333,-6.825,-0.277533975529,-4.575,7.6
41,2022,4.50833333333,6.925,0.958333333333,0.6,12,12,4,-4.50833333333,-6.925,-0.736965594166,-4.60833333333,5.2
41,2023,3.84166666667,5.59166666667,1.075,0.733333333333,12,12,3.8,-3.84166666667,-5.59166666667,-0.447458976971,-4.50833333333,4
41,2024,3.575,4.84166666667,1.05833333333,0.933333333333,12,12,4.3,-3.575,-4.84166666667,-0.0995356735509,-3.84166666667,3.8
41,2025,3.375,3.98333333333,1,,12,11,5.2,-3.375,-3.98333333333,,-3.575,4.3
42,2012,2.83333333333,3.00833333333,1.44166666667,2.75833333333,12,12,7.6,-2.83333333333,-3.00833333333,1.4637968112,,
42,2013,3.03333333333,2.66666666667,1.26666666667,2.88333333333,12,12,7.1,-3.03333333333,-2.66666666667,1.52773763203,-2.83333333333,7.6
42,2014,3.275,3.175,1.39166666667,2.05,12,12,6,-3.275,-3.175,1.03562390973,-3.03333333333,7.1
42,2015,3.53333333333,3.81666666667,1.325,1.525,12,12,5.4,-3.53333333333,-3.81666666667,0.608809242676,-3.275,6
42,2016,3.45,3.59166666667,1.34166666667,1.625,12,12,5.3,-3.45,-3.59166666667,0.700439718141,-3.53333333333,5.4
42,2017,3.70833333333,4.325,1.5,1.2,12,12,5,-3.70833333333,-4.325,0.263034405834,-3.45,5.3
42,2018,3.39166666667,4.55,1.24166666667,1.00833333333,12,12,4.4,-3.39166666667,-4.55,0.0119726416661,-3.70833333333,5
42,2019,3.375,4.34166666667,1.21666666667,1.01666666667,12,12,4.3,-3.375,-4.34166666667,0.0238467419544,-3.39166666667,4.4
42,2020,3.73333333333,4.275,2.7,2.36666666667,12,12,8.8,-3.73333333333,-4.275,1.2428565239,-3.375,4.3
42,2021,3.69166666667,6.575,0.991666666667,1,12,12,5.9,-3.69166666667,-6.575,0,-3.73333333333,8.8
42,2022,3.325,6.95,0.766666666667,0.6,12,12,4.2,-3.325,-6.95,-0.736965594166,-3.69166666667,5.9
42,2023,3.025,5.78333333333,0.883333333333,0.625,12,12,3.7,-3.025,-5.78333333333,-0.678071905113,-3.325,4.2
42,2024,3.09166666667,4.63333333333,1.18333333333,0.858333333333,12,12,3.8,-3.09166666667,-4.63333333333,-0.220390068425,-3.025,3.7
42,2025,2.675,4,0.958333333333,,12,11,4.3,-2.675,-4,,-3.09166666667,3.8
44,2012,3.275,3.06666666667,1.48333333333,3.925,12,12,10.3,-3.275,-3.06666666667,1.972692654,,
44,2013,3.10833333333,2.9,1.475,3.83333333333,12,12,9.5,-3.10833333333,-2.9,1.93859945534,-3.275,10.3
44,2014,3.2,3.15,1.23333333333,2.80833333333,12,12,7.8,-3.2,-3.15,1.48971418557,-3.10833333333,9.5
44,2015,3.43333333333,3.51666666667,1.21666666667,1.93333333333,12,12,6,-3.43333333333,-3.51666666667,0.951090399519,-3.2,7.8
44,2016,3.48333333333,3.73333333333,1.33333333333,1.54166666667,12,12,5.2,-3.48333333333,-3.73333333333,0.624490864908,-3.43333333333,6
44,2017,3.7,4.16666666667,1.48333333333,1.18333333333,12,12,4.5,-3.7,-4.16666666667,0.242856523896,-3.48333333333,5.2
44,2018,3.75,4.59166666667,1.4,0.958333333333,12,12,4,-3.75,-4.59166666667,-0.0614005446641,-3.7,4.5
44,2019,3.98333333333,4.56666666667,1.51666666667,0.85,12,12,3.5,-3.98333333333,-4.56666666667,-0.234465253637,-3.75,4
44,2020,4.875,4.40833333333,3.20833333333,2.59166666667,12,12,9.2,-4.875,-4.40833333333,1.37388017452,-3.98333333333,3.5
44,2021,4.69166666667,6.775,1.15,0.95,12,12,5.6,-4.69166666667,-6.775,-0.0740005814438,-4.875,9.2
44,2022,4.34166666667,7.15,1.11666666667,0.483333333333,12,12,3.2,-4.34166666667,-7.15,-1.04890960048,-4.69166666667,5.6
44,2023,4.16666666667,5.66666666667,1.3,0.566666666667,12,12,3,-4.16666666667,-5.66666666667,-0.819427754358,-4.34166666667,3.2
44,2024,3.88333333333,5.15833333333,1.475,0.908333333333,12,12,4.2,-3.88333333333,-5.15833333333,-0.138706270832,-4.16666666667,3
44,2025,3.725,4.50833333333,1.525,,12,11,4.5,-3.725,-4.50833333333,,-3.88333333333,4.2
45,2012,3.53333333333,2.875,1.425,3.58333333333,12,12,9,-3.53333333333,-2.875,1.84130225398,,
45,2013,4.05833333333,3,1.34166666667,2.76666666667,12,12,7.4,-4.05833333333,-3,1.46814883574,-3.53333333333,9
45,2014,4.41666666667,3.69166666667,1.45,1.84166666667,12,12,6.3,-4.41666666667,-3.69166666667,0.881011963783,-4.05833333333,7.4
45,2015,4.38333333333,4.13333333333,1.31666666667,1.55,12,12,5.9,-4.38333333333,-4.13333333333,0.6322682155,-4.41666666667,6.3
45,2016,4.16666666667,3.925,1.35,1.34166666667,12,12,4.9,-4.16666666667,-3.925,0.424026282506,-4.38333333333,5.9
45,2017,4.54166666667,4.35,1.41666666667,1.00833333333,12,12,4.2,-4.54166666667,-4.35,0.0119726416661,-4.16666666667,4.9
45,2018,4.59166666667,5.2,1.23333333333,0.658333333333,12,12,3.4,-4.59166666667,-5.2,-0.603109847431,-4.54166666667,4.2
45,2019,4.56666666667,4.89166666667,1.45833333333,0.575,12,12,2.8,-4.56666666667,-4.89166666667,-0.79836613883,-4.59166666667,3.4
45,2020,4.98333333333,5.00833333333,2,1.33333333333,12,12,6,-4.98333333333,-5.00833333333,0.415037499279,-4.56666666667,2.8
45,2021,4.825,7.25833333333,1.06666666667,0.566666666667,12,12,3.9,-4.825,-7.25833333333,-0.819427754358,-4.98333333333,6
45,2022,4.95833333333,7.41666666667,0.933333333333,0.425,12,12,3.2,-4.95833333333,-7.41666666667,-1.23446525364,-4.825,3.9
45,2023,4.66666666667,6.91666666667,1.125,0.425,12,12,3,-4.66666666667,-6.91666666667,-1.23446525364,-4.95833333333,3.2
45,2024,4.25833333333,5.725,1.13333333333,0.741666666667,12,12,4.1,-4.25833333333,-5.725,-0.431157164642,-4.66666666667,3
45,2025,4.03333333333,4.79166666667,1.14166666667,,12,11,4.5,-4.03333333333,-4.79166666667,,-4.25833333333,4.1
46,2012,3.49166666667,2.89166666667,1.43333333333,1.45833333333,12,12,4,-3.49166666667,-2.89166666667,0.544320516224,,
46,2013,3.55,3.08333333333,1.275,1.25,12,12,3.7,-3.55,-3.08333333333,0.321928094887,-3.49166666667,4
46,2014,3.56666666667,3.18333333333,1.33333333333,1.08333333333,12,12,3.4,-3.56666666667,-3.18333333333,0.11547721742,-3.55,3.7
46,2015,3.85833333333,3.875,1.34166666667,0.791666666667,12,12,3,-3.85833333333,-3.875,-0.337034987278,-3.56666666667,3.4
46,2016,3.89166666667,3.93333333333,1.31666666667,0.775,12,12,3,-3.89166666667,-3.93333333333,-0.3677317845,-3.85833333333,3
46,2017,3.78333333333,4.3,1.28333333333,0.725,12,12,3,-3.78333333333,-4.3,-0.46394709976,-3.89166666667,3
46,2018,4.125,5.06666666667,1.41666666667,0.558333333333,12,12,2.8,-4.125,-5.06666666667,-0.840801405151,-3.78333333333,3
46,2019,3.88333333333,4.775,1.1,0.591666666667,12,12,2.7,-3.88333333333,-4.775,-0.757143476104,-4.125,2.8
46,2020,3.99166666667,4.34166666667,2.19166666667,1.13333333333,12,12,4.1,-3.99166666667,-4.34166666667,0.180572245642,-3.88333333333,2.7
46,2021,4.325,6.28333333333,0.85,0.416666666667,12,12,2.6,-4.325,-6.28333333333,-1.26303440583,-3.99166666667,4.1
46,2022,4.30833333333,6.48333333333,0.95,0.308333333333,12,12,1.9,-4.30833333333,-6.48333333333,-1.69743722998,-4.325,2.6
46,2023,4.08333333333,5.71666666667,1.2,0.316666666667,12,12,1.8,-4.08333333333,-5.71666666667,-1.65896308216,-4.30833333333,1.9
46,2024,3.60833333333,4.51666666667,1.11666666667,0.383333333333,12,12,1.8,-3.60833333333,-4.51666666667,-1.38332863955,-4.08333333333,1.8
46,2025,3.56666666667,4.38333333333,1.18333333333,,12,11,2.1,-3.56666666667,-4.38333333333,,-3.60833333333,1.8
47,2012,3.98333333333,3.10833333333,1.725,2.84166666667,12,12,7.9,-3.98333333333,-3.10833333333,1.50673733342,,
47,2013,4.18333333333,3.00833333333,1.575,2.75,12,12,7.7,-4.18333333333,-3.00833333333,1.45943161864,-3.98333333333,7.9
47,2014,3.64166666667,3.18333333333,1.28333333333,2.18333333333,12,12,6.5,-3.64166666667,-3.18333333333,1.12653240593,-4.18333333333,7.7
47,2015,3.93333333333,3.81666666667,1.15,1.51666666667,12,12,5.5,-3.93333333333,-3.81666666667,0.60090404459,-3.64166666667,6.5
47,2016,4.06666666667,3.75833333333,1.125,1.29166666667,12,12,4.7,-4.06666666667,-3.75833333333,0.369233809666,-3.93333333333,5.5
47,2017,4.01666666667,4.03333333333,1.15,0.975,12,12,3.7,-4.01666666667,-4.03333333333,-0.0365258760251,-4.06666666667,4.7
47,2018,4.94166666667,4.675,1.25833333333,0.758333333333,12,12,3.5,-4.94166666667,-4.675,-0.39909595541,-4.01666666667,3.7
47,2019,4.43333333333,4.325,1.13333333333,0.8,12,12,3.3,-4.43333333333,-4.325,-0.321928094887,-4.94166666667,3.5
47,2020,4.85,4.53333333333,2.3,1.80833333333,12,12,7.4,-4.85,-4.53333333333,0.854660636836,-4.43333333333,3.3
47,2021,4.76666666667,6.70833333333,1.13333333333,0.7,12,12,4.5,-4.76666666667,-6.70833333333,-0.51457317283,-4.85,7.4
47,2022,5.05,7.5,1.2,0.433333333333,12,12,3.4,-5.05,-7.5,-1.20645087747,-4.76666666667,4.5
47,2023,4.34166666667,6.41666666667,1.16666666667,0.5,12,12,3.3,-4.34166666667,-6.41666666667,-1,-5.05,3.4
47,2024,4.09166666667,4.88333333333,1.15,0.675,12,12,3.4,-4.09166666667,-4.88333333333,-0.567040592724,-4.34166666667,3.3
47,2025,3.70833333333,4.33333333333,1.23333333333,,12,11,3.5,-3.70833333333,-4.33333333333,,-4.09166666667,3.4
48,2012,3.7,3.15,1.25833333333,2.40833333333,12,12,6.7,-3.7,-3.15,1.26803508689,,
48,2013,3.63333333333,3.13333333333,1.175,2.23333333333,12,12,6.3,-3.63333333333,-3.13333333333,1.15919859485,-3.7,6.7
48,2014,3.99166666667,3.59166666667,1.26666666667,1.56666666667,12,12,5.2,-3.99166666667,-3.59166666667,0.647698256069,-3.63333333333,6.3
48,2015,4.11666666667,4.04166666667,1.36666666667,1.175,12,12,4.5,-4.11666666667,-4.04166666667,0.23266075679,-3.99166666667,5.2
48,2016,4.08333333333,4.225,1.275,1.175,12,12,4.6,-4.08333333333,-4.225,0.23266075679,-4.11666666667,4.5
48,2017,4.19166666667,3.675,1.34166666667,1.25833333333,12,12,4.4,-4.19166666667,-3.675,0.331514143717,-4.08333333333,4.6
48,2018,4.575,4.14166666667,1.44166666667,1,12,12,3.9,-4.575,-4.14166666667,0,-4.19166666667,4.4
48,2019,4.46666666667,4.3,1.3,0.85,12,12,3.5,-4.46666666667,-4.3,-0.234465253637,-4.575,3.9
48,2020,4.35833333333,3.73333333333,2.175,2.44166666667,12,12,7.7,-4.35833333333,-3.73333333333,1.28786625881,-4.46666666667,3.5
48,2021,4.71666666667,6.275,0.908333333333,0.983333333333,12,12,5.6,-4.71666666667,-6.275,-0.0242475462467,-4.35833333333,7.7
48,2022,4.59166666667,6.85,0.833333333333,0.591666666667,12,12,3.9,-4.59166666667,-6.85,-0.757143476104,-4.71666666667,5.6
48,2023,4.25833333333,5.4,1.01666666667,0.783333333333,12,12,4,-4.25833333333,-5.4,-0.352301743931,-4.59166666667,3.9
48,2024,3.475,4.24166666667,0.975,1.03333333333,12,12,4.1,-3.475,-4.24166666667,0.0473057147784,-4.25833333333,4
48,2025,3.275,4.05833333333,0.991666666667,,12,11,4.2,-3.275,-4.05833333333,,-3.475,4.1
49,2012,3.90833333333,2.575,1.48333333333,1.95833333333,12,12,4.8,-3.90833333333,-2.575,0.969626350956,,
49,2013,3.775,2.85,1.475,1.56666666667,12,12,4.2,-3.775,-2.85,0.647698256069,-3.90833333333,4.8
49,2014,3.71666666667,3.45833333333,1.23333333333,1.08333333333,12,12,3.6,-3.71666666667,-3.45833333333,0.11547721742,-3.775,4.2
49,2015,3.9,4,1.25,0.908333333333,12,12,3.5,-3.9,-4,-0.138706270832,-3.71666666667,3.6
49,2016,4.34166666667,4.09166666667,1.26666666667,0.808333333333,12,12,3.3,-4.34166666667,-4.09166666667,-0.306977753421,-3.9,3.5
49,2017,4.81666666667,4.30833333333,1.43333333333,0.741666666667,12,12,3.1,-4.81666666667,-4.30833333333,-0.431157164642,-4.34166666667,3.3
49,2018,5.2,4.90833333333,1.525,0.591666666667,12,12,2.9,-5.2,-4.90833333333,-0.757143476104,-4.81666666667,3.1
49,2019,4.575,4.90833333333,1.41666666667,0.508333333333,12,12,2.5,-4.575,-4.90833333333,-0.976153258046,-5.2,2.9
49,2020,4.58333333333,4.35833333333,2.075,1.15,12,12,4.8,-4.58333333333,-4.35833333333,0.20163386117,-4.575,2.5
49,2021,4.425,6.08333333333,0.825,0.466666666667,12,12,2.8,-4.425,-6.08333333333,-1.09953567355,-4.58333333333,4.8
49,2022,4.56666666667,6.66666666667,0.9,0.35,12,12,2.4,-4.56666666667,-6.66666666667,-1.51457317283,-4.425,2.8
49,2023,3.9,5.625,1.06666666667,0.483333333333,12,12,2.7,-3.9,-5.625,-1.04890960048,-4.56666666667,2.4
49,2024,3.70833333333,4.35833333333,1.175,0.766666666667,12,12,3.3,-3.70833333333,-4.35833333333,-0.383328639552,-3.9,2.7
49,2025,3.575,3.975,1.16666666667,,12,11,3.6,-3.575,-3.975,,-3.70833333333,3.3
50,2012,3.73333333333,3.15,1.7,1.73333333333,12,12,4.8,-3.73333333333,-3.15,0.793549122533,,
50,2013,3.64166666667,3.16666666667,1.7,1.575,12,12,4.4,-3.64166666667,-3.16666666667,0.655351828613,-3.73333333333,4.8
50,2014,3.74166666667,3.5,1.525,1.225,12,12,3.9,-3.74166666667,-3.5,0.292781749228,-3.64166666667,4.4
50,2015,4.14166666667,4.1,1.6,0.908333333333,12,12,3.5,-4.14166666667,-4.1,-0.138706270832,-3.74166666667,3.9
50,2016,4.15833333333,4.3,1.575,0.783333333333,12,12,3.1,-4.15833333333,-4.3,-0.352301743931,-4.14166666667,3.5
50,2017,4.275,4.575,1.625,0.691666666667,12,12,2.9,-4.275,-4.575,-0.531851164262,-4.15833333333,3.1
50,2018,4.23333333333,5,1.45,0.55,12,12,2.5,-4.23333333333,-5,-0.86249647625,-4.275,2.9
50,2019,4.175,4.85,1.475,0.475,12,12,2.1,-4.175,-4.85,-1.07400058144,-4.23333333333,2.5
50,2020,4.575,4.475,3.275,1.575,12,12,5.6,-4.575,-4.475,0.655351828613,-4.175,2.1
50,2021,4.40833333333,6.975,1.15,0.55,12,12,3.5,-4.40833333333,-6.975,-0.86249647625,-4.575,5.6
50,2022,4.21666666667,7.24166666667,1.025,0.333333333333,12,12,2.3,-4.21666666667,-7.24166666667,-1.58496250072,-4.40833333333,3.5
50,2023,3.93333333333,5.6,1.16666666667,0.383333333333,12,12,1.9,-3.93333333333,-5.6,-1.38332863955,-4.21666666667,2.3
50,2024,3.525,4.85833333333,1.275,0.525,12,12,2.3,-3.525,-4.85833333333,-0.929610672109,-3.93333333333,1.9
50,2025,3.45833333333,4.54166666667,1.25,,12,11,2.7,-3.45833333333,-4.54166666667,,-3.525,2.3
51,2012,3.35833333333,3.35833333333,1.31666666667,1.9,12,12,5.8,-3.35833333333,-3.35833333333,0.925999418556,,
51,2013,3.31666666667,3.29166666667,1.225,1.84166666667,12,12,5.5,-3.31666666667,-3.29166666667,0.881011963783,-3.35833333333,5.8
51,2014,3.39166666667,3.80833333333,1.24166666667,1.475,12,12,5.1,-3.39166666667,-3.80833333333,0.560714954474,-3.31666666667,5.5
51,2015,3.54166666667,4.24166666667,1.3,1.08333333333,12,12,4.4,-3.54166666667,-4.24166666667,0.11547721742,-3.39166666667,5.1
51,2016,3.31666666667,4.20833333333,0.925,1,12,12,4,-3.31666666667,-4.20833333333,0,-3.54166666667,4.4
51,2017,3.725,4.59166666667,1.1,0.825,12,12,3.6,-3.725,-4.59166666667,-0.277533975529,-3.31666666667,4
51,2018,3.53333333333,4.71666666667,0.908333333333,0.675,12,12,3,-3.53333333333,-4.71666666667,-0.567040592724,-3.725,3.6
51,2019,3.975,5.15,1.175,0.55,12,12,2.8,-3.975,-5.15,-0.86249647625,-3.53333333333,3
51,2020,4.13333333333,4.85833333333,1.98333333333,1.50833333333,12,12,6.5,-4.13333333333,-4.85833333333,0.592955291475,-3.975,2.8
51,2021,4.16666666667,6.56666666667,0.85,0.6,12,12,3.9,-4.16666666667,-6.56666666667,-0.736965594166,-4.13333333333,6.5
51,2022,4.25,7.34166666667,0.966666666667,0.383333333333,12,12,2.7,-4.25,-7.34166666667,-1.38332863955,-4.16666666667,3.9
51,2023,4.09166666667,6.35833333333,1.125,0.45,12,12,2.7,-4.09166666667,-6.35833333333,-1.15200309345,-4.25,2.7
51,2024,3.45833333333,5.5,0.975,0.541666666667,12,12,2.9,-3.45833333333,-5.5,-0.88452278258,-4.09166666667,2.7
51,2025,3.35,4.84166666667,1.09166666667,,12,11,3.4,-3.35,-4.84166666667,,-3.45833333333,2.9
53,2012,3.1,2.975,1.2,3.3,12,12,8.5,-3.1,-2.975,1.72246602447,,
53,2013,2.85,2.76666666667,1.24166666667,2.70833333333,12,12,6.7,-2.85,-2.76666666667,1.43740531231,-3.1,8.5
53,2014,3.325,3.025,1.15,2.19166666667,12,12,5.9,-3.325,-3.025,1.13202839368,-2.85,6.7
53,2015,3.55,4.25833333333,1.2,1.4,12,12,5.5,-3.55,-4.25833333333,0.48542682717,-3.325,5.9
53,2016,3.5,4.26666666667,1.125,1.31666666667,12,12,5.2,-3.5,-4.26666666667,0.396890152569,-3.55,5.5
53,2017,3.44166666667,3.80833333333,0.933333333333,1.325,12,12,4.7,-3.44166666667,-3.80833333333,0.405992359676,-3.5,5.2
53,2018,3.60833333333,4.36666666667,1.21666666667,1.09166666667,12,12,4.4,-3.60833333333,-4.36666666667,0.126532405929,-3.44166666667,4.7
53,2019,3.9,4.48333333333,1.24166666667,1.00833333333,12,12,4.2,-3.9,-4.48333333333,0.0119726416661,-3.60833333333,4.4
53,2020,3.98333333333,3.875,2.35833333333,2.86666666667,12,12,8.7,-3.98333333333,-3.875,1.51937415909,-3.9,4.2
53,2021,3.88333333333,5.65833333333,0.75,1.06666666667,12,12,5.2,-3.88333333333,-5.65833333333,0.0931094043915,-3.98333333333,8.7
53,2022,3.85833333333,6.16666666667,0.933333333333,0.7,12,12,4.1,-3.85833333333,-6.16666666667,-0.51457317283,-3.88333333333,5.2
53,2023,3.06666666667,4.51666666667,0.975,1.01666666667,12,12,4.2,-3.06666666667,-4.51666666667,0.0238467419544,-3.85833333333,4.1
53,2024,3.06666666667,3.925,0.991666666667,1.24166666667,12,12,4.5,-3.06666666667,-3.925,0.312277924854,-3.06666666667,4.2
53,2025,2.8,3.31666666667,0.925,,12,11,4.7,-2.8,-3.31666666667,,-3.06666666667,4.5
54,2012,3.74166666667,3.08333333333,1.58333333333,2.525,12,12,7.2,-3.74166666667,-3.08333333333,1.33628338786,,
54,2013,3.95,3.15,1.44166666667,2.24166666667,12,12,6.7,-3.95,-3.15,1.16457176695,-3.74166666667,7.2
54,2014,4,3.41666666667,1.4,2.01666666667,12,12,6.5,-4,-3.41666666667,1.01197264167,-3.95,6.7
54,2015,3.99166666667,3.775,1.26666666667,1.85,12,12,6.5,-3.99166666667,-3.775,0.887525270742,-4,6.5
54,2016,3.89166666667,4,1.30833333333,1.60833333333,12,12,6.1,-3.89166666667,-4,0.68556644166,-3.99166666667,6.5
54,2017,4.45,4.49166666667,1.35833333333,1.23333333333,12,12,5.2,-4.45,-4.49166666667,0.30256277002,-3.89166666667,6.1
54,2018,4.63333333333,4.98333333333,1.28333333333,1.08333333333,12,12,5.1,-4.63333333333,-4.98333333333,0.11547721742,-4.45,5.2
54,2019,4.41666666667,5.31666666667,1.375,0.958333333333,12,12,4.9,-4.41666666667,-5.31666666667,-0.0614005446641,-4.63333333333,5.1
54,2020,4.80833333333,6.11666666667,2.34166666667,1.525,12,12,8.3,-4.80833333333,-6.11666666667,0.608809242676,-4.41666666667,4.9
54,2021,4.85833333333,7.4,1.075,0.75,12,12,5.1,-4.85833333333,-7.4,-0.415037499279,-4.80833333333,8.3
54,2022,5.09166666667,8.15833333333,1.03333333333,0.483333333333,12,12,3.9,-5.09166666667,-8.15833333333,-1.04890960048,-4.85833333333,5.1
54,2023,4.7,7.14166666667,1.13333333333,0.566666666667,12,12,3.9,-4.7,-7.14166666667,-0.819427754358,-5.09166666667,3.9
54,2024,4.275,6.1,1.05833333333,0.683333333333,12,12,4.1,-4.275,-6.1,-0.54933859099,-4.7,3.9
54,2025,3.75,5.33333333333,0.975,,12,11,4.2,-3.75,-5.33333333333,,-4.275,4.1
55,2012,3.525,2.625,1.46666666667,2.875,12,12,6.9,-3.525,-2.625,1.52356195606,,
55,2013,3.175,2.98333333333,1.1,2.40833333333,12,12,6.7,-3.175,-2.98333333333,1.26803508689,-3.525,6.9
55,2014,3.3,3.56666666667,1.26666666667,1.59166666667,12,12,5.3,-3.3,-3.56666666667,0.670538232427,-3.175,6.7
55,2015,3.475,4.025,1.34166666667,1.13333333333,12,12,4.4,-3.475,-4.025,0.180572245642,-3.3,5.3
55,2016,3.53333333333,3.85,1.36666666667,1.05833333333,12,12,3.9,-3.53333333333,-3.85,0.0817940911636,-3.475,4.4
55,2017,3.45833333333,4.075,1.20833333333,0.825,12,12,3.3,-3.45833333333,-4.075,-0.277533975529,-3.53333333333,3.9
55,2018,3.69166666667,4.76666666667,1.2,0.641666666667,12,12,3,-3.69166666667,-4.76666666667,-0.640104054914,-3.45833333333,3.3
55,2019,3.675,4.9,1.025,0.641666666667,12,12,3.2,-3.675,-4.9,-0.640104054914,-3.69166666667,3
55,2020,3.9,4.40833333333,2.21666666667,1.60833333333,12,12,6.4,-3.9,-4.40833333333,0.68556644166,-3.675,3.2
55,2021,3.86666666667,6.125,0.775,0.658333333333,12,12,3.8,-3.86666666667,-6.125,-0.603109847431,-3.9,6.4
55,2022,3.75833333333,7.05833333333,0.891666666667,0.391666666667,12,12,2.8,-3.75833333333,-7.05833333333,-1.35230174393,-3.86666666667,3.8
55,2023,3.48333333333,6.025,1.00833333333,0.466666666667,12,12,2.8,-3.48333333333,-6.025,-1.09953567355,-3.75833333333,2.8
55,2024,3.23333333333,4.54166666667,0.933333333333,0.658333333333,12,12,3,-3.23333333333,-4.54166666667,-0.603109847431,-3.48333333333,2.8
55,2025,3.14166666667,4.00833333333,1.03333333333,,12,11,3.2,-3.14166666667,-4.00833333333,,-3.23333333333,3
56,2012,4.60833333333,3.1,2.06666666667,1.79166666667,12,12,5.4,-4.60833333333,-3.1,0.841302253981,,
56,2013,4.625,3.425,1.90833333333,1.38333333333,12,12,4.7,-4.625,-3.425,0.468148835738,-4.60833333333,5.4
56,2014,4.69166666667,3.98333333333,1.65,1.075,12,12,4.4,-4.69166666667,-3.98333333333,0.104336659815,-4.625,4.7
56,2015,4.675,4.21666666667,1.925,0.991666666667,12,12,4.2,-4.675,-4.21666666667,-0.0120728323006,-4.69166666667,4.4
56,2016,4.76666666667,4.20833333333,1.68333333333,1.26666666667,12,12,5.3,-4.76666666667,-4.20833333333,0.341036917835,-4.675,4.2
56,2017,4.81666666667,4.5,1.44166666667,0.991666666667,12,12,4.3,-4.81666666667,-4.5,-0.0120728323006,-4.76666666667,5.3
56,2018,5,5.225,1.54166666667,0.758333333333,12,12,4.1,-5,-5.225,-0.39909595541,-4.81666666667,4.3
56,2019,5.14166666667,5.55833333333,1.66666666667,0.633333333333,12,12,3.7,-5.14166666667,-5.55833333333,-0.658963082165,-5,4.1
56,2020,4.975,4.60833333333,2.76666666667,1.5,12,12,5.9,-4.975,-4.60833333333,0.584962500721,-5.14166666667,3.7
56,2021,5.36666666667,7.01666666667,1.24166666667,0.633333333333,12,12,4.5,-5.36666666667,-7.01666666667,-0.658963082165,-4.975,5.9
56,2022,5.46666666667,7.61666666667,1.33333333333,0.433333333333,12,12,3.4,-5.46666666667,-7.61666666667,-1.20645087747,-5.36666666667,4.5
56,2023,4.58333333333,6.09166666667,1.19166666667,0.45,12,12,2.9,-4.58333333333,-6.09166666667,-1.15200309345,-5.46666666667,3.4
56,2024,4.5,5.13333333333,1.325,0.566666666667,12,12,3.1,-4.5,-5.13333333333,-0.819427754358,-4.58333333333,2.9
56,2025,4.34166666667,4.64166666667,1.25833333333,,12,11,3.4,-4.34166666667,-4.64166666667,,-4.5,3.1
