year,raw,states_dc,age18_64,employed_or_out_of_work,valid_mental_health,complete,out_of_work,employed,interview_outside_year,missing_states
2013,491773,483865,320695,236515,233969,230302,22342,207960,2867,[]
2014,464664,456158,293777,215383,213123,210067,17049,193018,2567,[]
2015,441456,434382,278420,203622,201529,198698,15455,183243,6020,[]
2016,486303,477665,303047,221554,219242,216051,16048,200003,7034,[]
2017,450016,444023,283191,209590,207439,204027,15614,188413,5784,[]
2018,437436,430949,272570,202298,200225,197024,13876,183148,8261,[]
2019,418268,409810,253018,187562,184770,181793,12884,168909,7870,[34]
2020,401958,394831,250597,191480,188673,185294,19354,165940,5133,[]
2021,438693,431639,271139,209055,206237,202067,17055,185012,11233,[12]
2022,445132,435826,270318,205159,202087,196809,13370,183439,11272,[]
2023,433323,425106,256875,197107,194438,190866,13547,177319,10916,"[21, 42]"
2024,457670,450353,273157,209225,206520,203086,16466,186620,9593,[47]
2025,356158,350386,204547,155587,153598,150627,12532,138095,9410,"[6, 28, 32]"
