n,events,prevalence,se,lower,upper,weighted_population,design_df,year,exposed,outcome
13673,1100,0.0815076299739,0.00296887581139,0.0758632233126,0.087532216642,142933336.115,571,2022,0,outcome
13673,775,0.0578307846278,0.00250999038307,0.0530935988031,0.0629625334127,142933336.115,571,2022,0,depression
13673,777,0.0574158088943,0.00250482036543,0.0526894370481,0.0625381590556,142933336.115,571,2022,0,anxiety
407,63,0.157370939915,0.0215522816615,0.119502497077,0.204452893352,5086384.414,571,2022,1,outcome
407,50,0.132088910376,0.0206467189831,0.0965334187167,0.178157881809,5086384.414,571,2022,1,depression
407,44,0.118652384656,0.0192621008576,0.085720978645,0.161993470963,5086384.414,571,2022,1,anxiety
11812,985,0.0826862568365,0.00312711169147,0.0767479271842,0.0890397491246,150683868.356,562,2025,0,outcome
11812,697,0.0577513213454,0.00255826444129,0.0529268452718,0.062986318726,150683868.356,562,2025,0,depression
11812,687,0.0589273744886,0.00264145947968,0.05394814278,0.0643349203407,150683868.356,562,2025,0,anxiety
389,65,0.186373732169,0.0256468803521,0.141127767437,0.242037767671,6021842.343,562,2025,1,outcome
389,51,0.153149228503,0.0235402214205,0.112383470561,0.205282365411,6021842.343,562,2025,1,depression
389,49,0.135278444137,0.0217398876941,0.0979591473958,0.183916411117,6021842.343,562,2025,1,anxiety
25485,2085,0.0821124993491,0.00215967600995,0.0779734202207,0.0864506931808,146808602.235,1133,Pooled,0,outcome
25485,1472,0.0577900042015,0.00179351482996,0.0543699521194,0.0614112178387,146808602.235,1133,Pooled,0,depression
25485,1464,0.0581915418811,0.001823330774,0.0547155382899,0.0618739170179,146808602.235,1133,Pooled,0,anxiety
796,128,0.173093543197,0.0170790449285,0.142097201015,0.20920248044,5554113.3785,1133,Pooled,1,outcome
796,101,0.143505846511,0.0158896447942,0.115054481272,0.177581005916,5554113.3785,1133,Pooled,1,depression
796,93,0.127665480191,0.0147235668204,0.101455236005,0.159445411159,5554113.3785,1133,Pooled,1,anxiety
