date,unrate,dpayems_yoy,jtsjol_thousands,observed_sentiment,predicted_sentiment,sentiment_gap,pri_sentiment,hps_obs,pri_hps,pri_composite
2011-01-01,9.033,0.977,3197.000,73.067,68.871,-4.196,-1.357,,,-1.357
2011-04-01,9.067,1.012,3297.667,71.867,67.923,-3.944,-1.275,,,-1.275
2011-07-01,9.000,1.352,3575.333,59.667,67.334,7.667,2.480,,,2.480
2011-10-01,8.633,1.512,3650.667,64.800,70.404,5.604,1.812,,,1.812
2012-01-01,8.267,1.863,3834.667,75.500,73.216,-2.284,-0.739,,,-0.739
2012-04-01,8.200,1.654,3846.333,76.300,73.281,-3.019,-0.976,,,-0.976
2012-07-01,8.033,1.653,3808.667,74.967,74.971,0.005,0.002,,,0.002
2012-10-01,7.800,1.617,3874.333,79.400,76.539,-2.861,-0.925,,,-0.925
2013-01-01,7.733,1.495,4001.000,76.667,76.105,-0.561,-0.182,,,-0.182
2013-04-01,7.533,1.612,4094.333,81.667,77.568,-4.099,-1.326,,,-1.326
2013-07-01,7.233,1.698,4032.667,81.567,80.743,-0.823,-0.266,,,-0.266
2013-10-01,6.933,1.770,4154.000,76.933,82.832,5.898,1.908,,,1.908
2014-01-01,6.667,1.664,4296.000,80.933,84.152,3.219,1.041,,,1.041
2014-04-01,6.200,1.816,4765.000,82.833,86.130,3.297,1.066,,,1.066
2014-07-01,6.067,1.963,5036.333,82.967,86.312,3.345,1.082,,,1.082
2014-10-01,5.700,2.070,4995.000,89.767,89.952,0.185,0.060,,,0.060
2015-01-01,5.533,2.192,5340.000,95.500,90.104,-5.396,-1.745,,,-1.745
2015-04-01,5.433,2.113,5469.667,94.233,90.246,-3.987,-1.290,,,-1.290
2015-07-01,5.100,2.031,5670.333,90.733,92.146,1.412,0.457,,,0.457
2015-10-01,5.033,1.954,5775.333,91.300,92.134,0.834,0.270,,,0.270
2016-01-01,4.900,1.885,5970.333,91.567,92.372,0.805,0.260,,,0.260
2016-04-01,4.933,1.757,5774.000,92.400,92.593,0.193,0.063,,,0.063
2016-07-01,4.900,1.819,5835.667,90.333,92.769,2.436,0.788,,,0.788
2016-10-01,4.767,1.679,5842.000,93.067,93.611,0.545,0.176,,,0.176
2017-01-01,4.567,1.665,5783.667,97.233,95.575,-1.658,-0.536,,,-0.536
2017-04-01,4.367,1.676,6074.000,96.367,96.198,-0.169,-0.055,,,-0.055
2017-07-01,4.333,1.509,6278.000,95.100,95.354,0.254,0.082,,,0.082
2017-10-01,4.167,1.466,6338.333,98.367,96.499,-1.867,-0.604,,,-0.604
2018-01-01,4.033,1.497,6663.667,98.933,96.556,-2.377,-0.769,,,-0.769
2018-04-01,3.933,1.590,7041.000,98.333,96.335,-1.998,-0.646,,,-0.646
2018-07-01,3.767,1.578,7269.667,98.067,97.019,-1.048,-0.339,,,-0.339
2018-10-01,3.833,1.563,7462.333,98.133,95.784,-2.349,-0.760,,,-0.760
2019-01-01,3.867,1.448,7295.000,94.467,95.779,1.312,0.424,,,0.424
2019-04-01,3.633,1.328,7247.000,98.467,97.725,-0.741,-0.240,,,-0.240
2019-07-01,3.600,1.299,7114.667,93.800,98.390,4.590,1.485,10.800,0.000,0.742
2019-10-01,3.600,1.329,6958.667,97.200,98.977,1.777,0.575,,,0.575
2020-01-01,3.833,1.065,6661.333,96.633,97.391,0.758,0.245,,,0.245
2020-04-01,13.000,-11.262,5449.000,74.067,-4.782,-78.849,-25.502,35.550,16.500,-4.501
2020-07-01,8.800,-6.974,6490.000,75.667,37.161,-38.506,-12.454,38.200,18.267,2.907
2020-10-01,6.767,-5.975,6797.000,79.800,56.061,-23.739,-7.678,39.550,19.167,5.744
2021-01-01,6.233,-5.436,7829.333,80.233,58.566,-21.667,-7.008,41.500,20.467,6.729
2021-04-01,5.933,8.559,9873.000,85.567,85.777,0.210,0.068,34.950,16.100,8.084
2021-07-01,5.067,4.741,10896.333,74.767,82.861,8.095,2.618,33.700,15.267,8.942
2021-10-01,4.167,4.647,11319.000,69.900,89.660,19.760,6.391,32.250,14.300,10.345
2022-01-01,3.867,5.034,11736.333,63.133,92.271,29.137,9.424,32.300,14.333,11.879
2022-04-01,3.633,4.692,11559.667,57.867,93.942,36.075,11.667,31.750,13.967,12.817
2022-07-01,3.533,4.112,10822.667,56.100,95.127,39.027,12.622,30.700,13.267,12.944
2022-10-01,3.567,3.330,10660.333,58.800,93.511,34.711,11.226,32.250,14.300,12.763
2023-01-01,3.533,2.838,9943.333,64.600,94.388,29.788,9.634,32.300,14.333,11.984
2023-04-01,3.533,2.414,9504.667,62.300,94.542,32.242,10.428,32.100,14.200,12.314
2023-07-01,3.633,1.892,9056.667,69.567,93.682,24.116,7.800,31.600,13.867,10.833
2023-10-01,3.800,1.646,8567.333,64.933,93.000,28.067,9.077,32.400,14.400,11.739
2024-01-01,3.833,1.454,8341.333,78.433,92.925,14.492,4.687,31.900,14.067,9.377
2024-04-01,3.967,1.269,7575.667,71.500,93.627,22.127,7.156,32.550,14.500,10.828
2024-07-01,4.167,1.002,7296.333,68.133,92.185,24.051,7.779,32.500,14.467,11.123
2024-10-01,4.133,0.894,7413.333,72.100,91.871,19.771,6.394,32.950,14.767,10.581
2025-01-01,4.133,0.682,7208.333,64.467,92.077,27.611,8.930,32.400,14.400,11.665
2025-04-01,4.200,0.556,7204.000,55.033,91.235,36.201,11.708,33.150,14.900,13.304
2025-07-01,4.333,0.453,7059.000,58.333,90.323,31.990,10.346,33.200,14.933,12.640
2025-10-01,4.450,0.200,6855.333,52.500,89.446,36.946,11.949,33.500,15.133,13.541
2026-01-01,4.333,0.146,7009.333,56.500,89.831,33.331,10.780,,,10.780
