omitted_state,estimate
1,-0.9107590688815392
2,-0.811255755946938
4,-0.8466072932872493
5,-0.773860366458301
6,-0.8852655839728385
8,-0.9091631788059829
9,-0.8774162251071971
10,-0.807280365985541
11,-0.8069256413508086
12,-0.6695070070422915
13,-0.7618559562253324
15,-0.7923388321851021
16,-0.8167552102159803
17,-0.7114010758852984
18,-0.7129153653540499
19,-0.7970252412638601
20,-0.7952086978630035
21,-0.8167144204412224
22,-0.7478782946222395
23,-0.7968595611231422
24,-0.8829342165167731
25,-0.778270708833162
26,-0.7314935365707598
27,-0.8574534977210391
28,-0.8153477007487808
29,-0.8322502988351133
30,-0.804682638634624
31,-0.8059423037757085
32,-0.33304022933382527
33,-0.7881170504603574
34,-0.978282636119232
35,-0.8005082383904849
36,-0.7285387579470282
37,-0.7057750390931261
38,-0.8058862942705858
39,-1.0693941719196687
40,-0.863004232232889
41,-0.7905521999916232
42,-0.7146500621850294
44,-0.8062731344633534
45,-0.8199396635999889
46,-0.8116917817570624
47,-0.81404176610409
48,-0.8310908311059961
49,-0.8319138677261861
50,-0.8065302797788831
51,-0.8650005613276335
53,-0.8301097661862045
54,-0.8000724158975459
55,-0.7871551752936412
56,-0.8075104731020133
