model,term,estimate,se,lower,upper,p,n,state_years,clusters,parameters,outcome
Primary,lower_hiring,-0.803832928049,0.622891155453,-2.05494663418,0.447280778083,0.202817516101,193060,607,51,80,fmd
Primary,unemployment_rate,0.464362517675,0.289227403339,-0.11656781877,1.04529285412,0.114676002047,193060,607,51,80,fmd
No unemployment adjustment,lower_hiring,-0.927958837229,0.663530577562,-2.26069922495,0.404781550491,0.168130013556,193060,607,51,79,fmd
Previous-year conditions,lag_lower_hiring,0.919267002764,0.705160607847,-0.497089761621,2.33562376715,0.198331087678,193060,607,51,80,fmd
Previous-year conditions,lag_unemployment_rate,0.444780409276,0.233808996481,-0.0248387810973,0.914399599649,0.0628964897706,193060,607,51,80,fmd
Exclude 2020–2021,lower_hiring,-0.126628774991,0.568745006068,-1.26898673939,1.01572918941,0.824718092349,156651,506,51,78,fmd
Exclude 2020–2021,unemployment_rate,1.36643532709,0.390853536635,0.581382894584,2.15148775959,0.000999951340932,156651,506,51,78,fmd
State-specific trends,lower_hiring,-1.16703973452,0.736563993185,-2.64647205468,0.312392585638,0.119399389567,193060,607,51,130,fmd
State-specific trends,unemployment_rate,0.267329966512,0.311366760708,-0.358068577914,0.892728510938,0.394675471156,193060,607,51,130,fmd
Equal state-year weights,lower_hiring,-0.4319923966,0.721576014998,-1.8813204766,1.0173356834,0.552089725155,193060,607,51,80,fmd
Equal state-year weights,unemployment_rate,0.418997709638,0.232592066137,-0.0481772042037,0.886172623479,0.0776669853372,193060,607,51,80,fmd
Complete-state panel,lower_hiring,-0.777603395501,0.743333341864,-2.27475359842,0.719546807415,0.301100150762,171237,552,46,75,fmd
Complete-state panel,unemployment_rate,0.478474808341,0.290980784872,-0.107590576569,1.06454019325,0.107072699082,171237,552,46,75,fmd
Out of work <1 year,lower_hiring,-1.63781454314,0.748408003257,-3.14103625765,-0.134592828626,0.0333397828444,103820,607,51,80,fmd
Out of work <1 year,unemployment_rate,1.11202338666,0.449824160668,0.208524969909,2.01552180342,0.0168780908303,103820,607,51,80,fmd
Out of work >=1 year,lower_hiring,0.649022977045,1.06784949218,-1.49581585083,2.79386180492,0.546080845987,89240,607,51,80,fmd
Out of work >=1 year,unemployment_rate,-0.699662607226,0.360575703916,-1.42390022293,0.0245750084768,0.0579800397711,89240,607,51,80,fmd
Employed adults,lower_hiring,0.0105086262825,0.191758202538,-0.374649058744,0.395666311309,0.956515042083,2223024,607,51,80,fmd
Employed adults,unemployment_rate,0.0841874657652,0.0765826507838,-0.0696333152953,0.238008246826,0.276901382365,2223024,607,51,80,fmd
Poor mental health days,lower_hiring,-0.190312516671,0.193496577555,-0.57896183068,0.198336797338,0.330074995736,193060,607,51,80,days
Poor mental health days,unemployment_rate,0.0910312142365,0.0792616227047,-0.0681704402869,0.25023286876,0.256231110422,193060,607,51,80,days
Competition per opening,competition,1.71327863244,0.858156446765,-0.0103793183165,3.4369365832,0.0513427994797,193060,607,51,79,fmd
Job-opening rate,lower_openings,0.128372623086,0.443974205126,-0.763375812157,1.02012105833,0.773666452994,193060,607,51,79,fmd
Through 2025 (11-month unemployment input),lower_hiring,-0.396891651521,0.729695899747,-1.86252900002,1.06874569698,0.588918091032,205592,655,51,81,fmd
Through 2025 (11-month unemployment input),unemployment_rate,0.580483758088,0.293877248178,-0.00978606657967,1.17075358276,0.0537721227338,205592,655,51,81,fmd
