year,group,n,weight,fmd_weighted,days_weighted,fmd_percent,mental_health_days
2013,Employed,207960,123573275.444,10646852.7989,365087109.331,8.61582147159,2.95441800032
2013,Out of work,22342,16600465.7438,3524944.26395,106092408.139,21.2340082401,6.39092961465
2014,Employed,193018,124541091.816,10914670.8387,370544192.851,8.76391131595,2.97527657295
2014,Out of work,17049,14164389.7178,2881016.32312,86598290.3195,20.3398549497,6.11380313904
2015,Employed,183243,128008855.336,11423642.5501,388805383.251,8.92410335211,3.03733192699
2015,Out of work,15455,13135321.2347,2782354.38565,83249839.6968,21.1822332772,6.33786096352
2016,Employed,200003,129294439.521,11885998.8405,407028878.832,9.19296984817,3.14807721307
2016,Out of work,16048,11980269.5585,2686438.35407,80079446.8399,22.423855665,6.68427754893
2017,Employed,188413,129553776.233,13011367.2737,439735928.424,10.0432173048,3.39423474336
2017,Out of work,15614,12426372.6433,2930563.09552,85851338.1264,23.5834155278,6.90880119167
2018,Employed,183148,131218204.735,13875566.9317,466944820.76,10.5744221693,3.55853687911
2018,Out of work,13876,11087281.0647,2565403.0717,76089950.8758,23.1382523516,6.86281428526
2019,Employed,168909,126641908.915,14941404.0181,492878699.514,11.7981512961,3.89190832434
2019,Out of work,12884,11109865.8181,2892847.12939,85019826.9782,26.03854247,7.65264210842
2020,Employed,165940,125595925.501,15195764.8481,499499257.222,12.0989313845,3.97703393028
2020,Out of work,19354,17690353.6683,3952706.09914,117030590.998,22.3438500624,6.61550318285
2021,Employed,185012,121912895.435,16355346.95,538177278.07,13.4156004512,4.41444095105
2021,Out of work,17055,14013862.1137,3584764.89927,103934171.852,25.5801353702,7.41652593758
2022,Employed,183439,128256965.797,18903093.4924,614636083.929,14.7384536777,4.79222379937
2022,Out of work,13370,11406051.9371,3343507.74494,96482114.6915,29.3134536242,8.4588528286
2023,Employed,177319,124801126.858,18867153.489,611544222.699,15.1177749465,4.90014984717
2023,Out of work,13547,11804283.5764,3253145.10264,94622565.0827,27.5590219566,8.01595153746
2024,Employed,186620,129211171.295,19231293.6579,628637601.636,14.8836152983,4.86519544199
2024,Out of work,16466,13432666.5478,3832285.14374,111607472.054,28.5295933619,8.30866095408
2025,Employed,138095,114156889.859,17727108.4136,572033887.83,15.5287240529,5.01094492446
2025,Out of work,12532,11483782.0869,3370536.68033,97960688.6009,29.3504061191,8.53035070326
